Aaron Jones,,US,LATAM,
Aaron Le Conte,,GB,EMEA,
Aaron Norstad,,US-CA,LATAM,
Abdelrahman Magdy,,DK,EMEA,
Abraham Dadoun,,CA,LATAM,
Adam Boffoli,,US-CA,LATAM,
Adam Buckner,,GB,EMEA,
Adam Crespi,,US-WA,LATAM,
Adam Dials,,US-TX,LATAM,
Adam Gutterman,1,,,
Adam Heller,,US,LATAM,
Adam Leslie,,US-TX,LATAM,
Adam Mechtley,,DK,EMEA,
Adam Myhill,,CA,LATAM,
Adam Oliver Jones,,DK,EMEA,
Adam Palmar,,DK,EMEA,
Adam Smith,,US-CA,LATAM,
Adi Shammout,,FI,EMEA,
Adina Roxana Buculeu,,DK,EMEA,
Adomas Griškelis,,LT,EMEA,
Adrian Brown,,GB,EMEA,
Adrian Smith,,GB,EMEA,
Adrian Țurcanu,,DK,EMEA,
Adriano Carlos Verona,,BR,LATAM,
Afshin Moazami,,CA,LATAM,
Agatha Bochenek,,US-CA,LATAM,
Agnieszka Gamrot,,DK,EMEA,
Agnieszka Loza,1,DK,EMEA,
Ai Sato (佐藤 愛 - さとう あい),,JP,APAC,
Aida Dirmantaite,,DK,EMEA,
Aidar Mukhamadiev,,FI,EMEA,
Aiden Joo (주현욱 - 朱賢旭),,KR,APAC,
Ailun Liu,1,,,
Aimee Ayromloo,,US-CA,LATAM,
AJ Glasser,,US-CA,LATAM,
AJ Yu,,US-CA,LATAM,
Akihito Izawa,,JP,APAC,
Akouvi Ahoomey,,GB,EMEA,
Alain Vargas Ibarra,,FI,EMEA,
Alan Page,,US-WA,LATAM,
Albert Jurkoit,,LT,EMEA,
Albert Tang,,US-CA,LATAM,
Alberto Ramirez,,US-CA,LATAM,
Alec Hemenway,,,,
Alejandro Lopez Patiño,,CO,APAC,
Aleksander Grigorenko,1,,,
Aleksandr Dubinskiy,1,DK,EMEA,
Aleksandr Kirillov,,DE,EMEA,
Aleksandr Ševčenko,,,,
Aleksandr Smirnov,,UA,EMEA,
Alessandro Cogliati,,FI,EMEA,
Alex Chan,,US-CA,LATAM,
Alex Clarke,,,,
Alex Kerfoot,,US-CA,LATAM,
Alex Kim,1,,,
Alex Lian,,DK,EMEA,alexlian
Alex Ma（马震春）,,CN,APAC,
Alex Matrosov,,,,
Alex May,1,GB,EMEA,
Alex McCredie,,GB,EMEA,
Alex McLean,,GB,EMEA,
Alex Peebles,,GB,EMEA,
Alex Thibodeau,,US,LATAM,
Alex Tyrer,,GB,EMEA,
Alexander Banna,,US-WA,LATAM,
Alexander Bell,,GB,EMEA,
Alexander Berezhnoy,,FI,EMEA,
Alexander Brooke,1,,,
Alexander Garcia,,US-TX,LATAM,
Alexander Gubernsky,,UA,EMEA,
Alexander Shlygin,,RU,EMEA,
Alexander Sjöström,,FI,EMEA,
Alexander Suvorov,,DE,EMEA,
Alexandra Mariner,1,DK,EMEA,
Alexandre Mutel,,FR,EMEA,
Alexandru Bușniță,,DK,EMEA,
Alexandru Marian,,GB,EMEA,
Alexey Abramychev,,CA,LATAM,
Alexey Orlov,,LT,EMEA,
Alexey Skolyarov,,FI,EMEA,
Alexis Matte,,,,
Alfonso Ortiz Palma Junco,,FI,EMEA,
Algirdas Sulcinskas,1,,,
Ali Deger,,DK,EMEA,
Ali Palmer,,US-CA,LATAM,
Alice Liang,,US-CA,LATAM,
Alicia Piedalue,,US,LATAM,
Aline Tosini,,BR,LATAM,
Alison Manel,,US-CA,LATAM,
Allen Foo,1,CN,APAC,
Alycia Ferguson,,US-WA,LATAM,
Amanda Anderson,,US,LATAM,
Amanda Rush,,,,
Amber Rowland,1,,,
Amir Arani,,US-CA,LATAM,
Amir Ebrahimi,,US-CA,LATAM,
Amy Dacker,,,,
Amy DiGiovanni,,US-CA,LATAM,
Amy Ratcliffe,,DK,EMEA,
Amy Tang,,US-CA,LATAM,
Ana Rodriguez Franco,,CO,APAC,
Ana Thomas,,GB,EMEA,
Anaelia Ovalle,,US-CA,LATAM,
Anastasia Konuhova,,,,
Anastasia Kuprina,,,,
Anastasia Smirnova,,UA,EMEA,
Anders Jensen,1,DK,EMEA,
Anders Kring,1,,,
Anders Peter Kierbye Johansen,,DK,EMEA,
Anders Soegaard,,DK,EMEA,
André Gauthier,,CA,LATAM,
Andre McGrail,,GB,EMEA,
Andrea Kramm,,US-CA,LATAM,
Andréane Meunier,1,CA,LATAM,
Andreas Hansen,1,DK,EMEA,
Andreas Haugsnes,,US-WA,LATAM,
Andreas Poulsen,,DK,EMEA,
Andreas Schmidt,,DK,EMEA,
Andreea Frasie,,FR,EMEA,
Andreia Gaita,1,DK,EMEA,sh4na
Andrés Arias,,CO,APAC,
Andres Felipe Pinilla Gonzalez,,CO,APAC,
Andres Rafael Diez,1,DK,EMEA,
Andrew Alcott,,US-CA,LATAM,
Andrew Bowell,,DK,EMEA,
Andrew Carlston,,US-WA,LATAM,
Andrew Dennison,,GB,EMEA,
Andrew Donnell,,FI,EMEA,
Andrew Horobin,,US-CA,LATAM,
Andrew Innes,,JP,APAC,
Andrew Jenkins,,GB,EMEA,
Andrew Kasbari,,US-CA,LATAM,
Andrew Luke,,US-WA,LATAM,
Andrew Maneri,,US-WA,LATAM,
Andrew Milsom,,GB,EMEA,
Andrew Selby,,GB,EMEA,
Andrew Slater,,US-CA,LATAM,
Andrew Spiering,,,,
Andrew Tang,,CN,APAC,
Andrey Shvets,1,,,
Andrius Keidonas,,LT,EMEA,
Andrius Kuznecovas,,LT,EMEA,
Andrius Mitkus,1,,,
Andy Bauerle,,US-WA,LATAM,
Andy Brammall,1,GB,EMEA,
Andy Keener,,US-WA,LATAM,
Andy Stark,1,BG,APAC,
Andy Touch,,GB,EMEA,
Angel Colberg,,US-CA,LATAM,
Angela Park,,,,
Angelo Ferro,,US-CA,LATAM,
Angie Cantwell,,GB,EMEA,
Angus Mackay,,CA,LATAM,
Ani Golovko,,US-CA,LATAM,
Aniqa Kamal,,US-CA,LATAM,
Anna Szeto,,US-CA,LATAM,
Anne Evans,,US-CA,LATAM,
Annie Liu,,CN,APAC,
Ante Ilic,,DK,EMEA,
Anthony Huang,,US-CA,LATAM,
Anthony Lowery,,JP,APAC,
Anthony Morse,,US-CA,LATAM,
Anthony Yakovlev,,RU,EMEA,
Antoine Lassauzay,,CA,LATAM,
Anton Kruglyakov,,GB,EMEA,
Anton Sibilev,,FI,EMEA,
Antony Douglas,,GB,EMEA,
Antti Klemetti,,FI,EMEA,
Antti Lindell,,,,
Antti Moilanen,,FI,EMEA,
Antti Nieminen,,FI,EMEA,
Antti Takala,1,,,
Antti Tapaninen,,US-CA,LATAM,
Antti Vesanen,,FI,EMEA,
Anupam Bhatnagar,,US-CA,LATAM,
Aras Pranckevičius,,LT,EMEA,aras_p
Aria Chang,,TW,APAC,
Arian Raoof,,DK,EMEA,
Arisa Scott,,US-WA,LATAM,
Arnaud Carre,,FR,EMEA,
Artem Yarulin,,,,
Arthur Juliani,,US-CA,LATAM,
Arthur Palomo,,US-CA,LATAM,
Artiom Košelev,,LT,EMEA,
Arto Chydenius,,FI,EMEA,
Arto Viitanen,,FI,EMEA,
Arturas Dulka,,LT,EMEA,
Artūras Gumbaragis,,,,
Arturo Nunez,,,,
Arvind Neelakantan,,IN,EMEA,
Asa Reed,,US-CA,LATAM,
Asaf Golan,,,,
Ashley Alicea,,US-CA,LATAM,
Ashley Hogg,,GB,EMEA,
Ashley Staley Neilsen,,US-CA,LATAM,
Ashley Yu-Chih,,,,
Asta Ruzaite,,LT,EMEA,
Audrius Sabaliauskas,,DK,EMEA,
Aurimas Augutis,,LT,EMEA,
Aurimas Cernius,,LT,EMEA,
Aurimas Gasiulis,1,LT,EMEA,
Aurimas Petrovas,,LT,EMEA,
Aurore Dimopoulos,,GB,EMEA,
Aveline Trysavath,,US-CA,LATAM,
Aya Yoshizaki,1,US-CA,LATAM,
Aylin Lee （이아린）,,KR,APAC,
Baldur Karlsson,1,DK,EMEA,
Baojing Zuo （左保京）,,CN,APAC,
Barbara Richman,,,,
Barry Patrick Monahan,1,DK,EMEA,
Bas Smit,1,,,
Bastien Humeau,,CA,LATAM,
Bea Grandell,,FI,EMEA,
Beau Folsom,1,US-WA,LATAM,
Beaux Blackwood,,US-CA,LATAM,
Bee Ling Chua,,CN,APAC,
Beibei Xiao,,CN,APAC,
Ben Greenfield,,GB,EMEA,
Ben Pitt,,GB,EMEA,
Ben Shatford,,GB,EMEA,
Ben Stoneman,,GB,EMEA,
Benediktas Laniauskas,,LT,EMEA,
Benjamin Hervit,,DK,EMEA,
Benjamin Karpf,,DK,EMEA,
Benjamin Quorning,1,,,
Benjamin Royce,,GB,EMEA,
Benoit Sevigny,,CA,LATAM,
Benoit Vachon,,CA,LATAM,
Beomhee Kang,1,KR,APAC,
Bertrand Carton,,DK,EMEA,
Beth Thomas,,US-CA,LATAM,
Beyond Zhao （赵秉阳）,,CN,APAC,
Bharat Shyam,1,,,
Bhavana Preet,,SG,APAC,
Biao Tian,,CN,APAC,
Bill Ramsour,,US-TX,LATAM,
Billy Singh,,US-CA,LATAM,
Bin Wu,,US-CA,LATAM,
Bipen Sasi,,US-CA,LATAM,
Birgitte Christensen,,DK,EMEA,
Bjarne Gorm Lindow,,DK,EMEA,
Bjørn Göttler,1,DK,EMEA,
Blaine Pascu,,US-CA,LATAM,
Bo la Cour,,DK,EMEA,
Bo S. Mortensen,1,,,
Bobby Billingsley,1,DK,EMEA,
Bobo Bo,1,CN,APAC,
Bogdan Corciovă,,CA,LATAM,
Bonnie Svenningsen,,US-WA,LATAM,
Bonnie Wu,1,,,
Boram Kim,1,KR,APAC,
Boris Kalmykov,,GB,EMEA,
Boris Mongeau,,CA,LATAM,
Boris Prikhodskiy,,UA,EMEA,
Boris Zilbermints,,US-CA,LATAM,
Boseul Lee,,KR,APAC,
Brad Martensen,,US-CA,LATAM,
Brad Robel-Forrest,,US-WA,LATAM,
Brad Schernecker,,US-CA,LATAM,
Bradley Weiers,,US-CA,LATAM,
Braelyn Johnson,,US-CA,LATAM,
Brandi Bennett,,US-CA,LATAM,
Brandon Caldwell,,US-WA,LATAM,
Brandon Fogerty,,US-WA,LATAM,
Brandon Zarzoza,,FI,EMEA,
Branwen Evans,,US-TX,LATAM,
Brenda Lopez Giraldo,,CO,APAC,
Brenda Ton,,US-CA,LATAM,
Brendan Fosberry,,US-WA,LATAM,
Brett Bibby,,DK,EMEA,
Brett Hickenbottom,,US-WA,LATAM,
Brett Kercher,,US-TX,LATAM,
Brett Seyler,1,US-CA,LATAM,
Brian Brownie,,US-CA,LATAM,
Brian Bruning,,US-CA,LATAM,
Brian Christian Richardt,,DK,EMEA,
Brian E. Wilson,1,US-CA,LATAM,
Brian Gershon,,US-WA,LATAM,
Brian Gyss,,US-CA,LATAM,
Brian Hu,1,CN,APAC,
Brian Lagoni,,DK,EMEA,
Brian Long,,CN,APAC,
Brian McCoy,1,US-WA,LATAM,
Brian McGinnis,,US-WA,LATAM,
Brian Raderman,,US-PA,LATAM,
Brian Winter,,US-CA,LATAM,
Bronte Coyne,,GB,EMEA,
Bruce Heath,,DK,EMEA,
Caitlyn Meeks,1,US-CA,LATAM,
Caleb Wyllie,,US-WA,LATAM,
Callie Zhu (朱佳丽),,CN,APAC,
Calvin Lee,,US-CA,LATAM,
Camilla Nøhr,,DK,EMEA,
Camille Labat,,US-CA,LATAM,
Camille Latzke,,US-CA,LATAM,
Carissa Marino,,US,LATAM,
Carl Callewaert,,CA,LATAM,
Carl Christoffer Hall Frederiksen,1,,,
Carl Johan Kristiansson,1,,,
Carlos Mauricio Rincón,,GB,EMEA,
Carly Rashoff,,US-CA,LATAM,
Carolina Trejos Ocampo,,CO,APAC,
Carrie Holder,,US-CA,LATAM,
Carsten Elton Sorensen,1,,,
Carter Edgerton,,US-CA,LATAM,
Cary Haynie,,US-WA,LATAM,
Casper Boysen,,DK,EMEA,
Cassia Oyolokor,,US-CA,LATAM,
Cassie Wang （王馨梅）,,CN,APAC,
Cat Burton,1,,,
Catalina Luca,,GB,EMEA,
Catherina Juel,,DK,EMEA,
Catherine Proulx,1,CA,LATAM,
Cathy Yates,,GB,EMEA,
Cecilie Mosfeldt,,CA,LATAM,
Cesar Romero,,US-WA,LATAM,
Chafik Achache,,CA,LATAM,
Chao Liu,,CN,APAC,
Charles Beauchemin,,CA,LATAM,cbeauche
Charles Hinshaw,1,DK,EMEA,
Charles Lee,,US-CA,LATAM,
Charles Sanglimsuwan,,US-WA,LATAM,
Charles Ward,,US-CA,LATAM,
Charlie Chough,,US-CA,LATAM,
Charlie Sinhaseni,,US-CA,LATAM,
Charlotte Kaas Larsen,1,,,
Cheng Qiu,,CN,APAC,
Chenghao Wang,,US-CA,LATAM,
Chenyi Huang,,CN,APAC,
Chenyuan Zhang,,CN,APAC,
Cherie Lin,,US-CA,LATAM,
Chester Ng (伍伟俊),,SG,APAC,
Chethan Ramachandran,1,US-CA,LATAM,
Chi Boon Ong,,SG,APAC,
Chida Chaemchaeng,1,,,
Chika Komiya,,JP,APAC,
Chloe Cunnell,,GB,EMEA,
Chloe Yuan,,US-CA,LATAM,
Chongho Byun,1,KR,APAC,
Chris Figueroa,1,US-WA,LATAM,
Chris Hegstrom,,US-WA,LATAM,
Chris Mahoney,,US-TX,LATAM,
Chris Migleo,1,US-CA,LATAM,
Chris O'Halloran,,US-CA,LATAM,
Chris Pacey,,GB,EMEA,
Chris Tchou,,US-WA,LATAM,
Chris Tuan,,CN,APAC,
Chris Walker,,US-CA,LATAM,
Chris Weber,,US-CA,LATAM,
Chris Zhu (朱建宜) ,,CN,APAC,
Chrissy Kane,,US-CA,LATAM,
Christian Agnelli,,US-CA,LATAM,
Christian Atack,,GB,EMEA,
Christian Bay,,DK,EMEA,
Christian Bell Bastlund,1,,,
Christian Eriksen,,DK,EMEA,
Christian Farley,,CA,LATAM,
Christian Håland,,DK,EMEA,
Christian Kjær Larsen,,DK,EMEA,
Christian Nielsen,,DK,EMEA,
Christina Malcolm hansen,1,,,
Christina Mues,1,US-WA,LATAM,
Christina Mues,,US-WA,LATAM,
Christine Kerr,,US-CA,LATAM,
Christine Lee,,KR,APAC,
Christine Legg,,US-CA,LATAM,
Christine Rivard,,CA,LATAM,
Christine Satterlee,,US,LATAM,
Christophe Riccio,,FR,EMEA,
Christophe Souchard,,US,LATAM,
Christopher Baklid,,DK,EMEA,
Christopher Cook,,US-CA,LATAM,
Christopher Gonzales,1,US-WA,LATAM,
Christopher Goy,,US-CA,LATAM,
Christopher Lu,,US-CA,LATAM,
Christopher Lundquist,,US-WA,LATAM,
Christopher Mackenzie-Smith,,GB,EMEA,
Christopher Owen Hamilton,1,,,
Christopher Pope,,GB,EMEA,
Christopher Roblee,,US-CA,LATAM,
Christy Cowan,,US-WA,LATAM,
Chu Wang,,US-CA,LATAM,
Chuan Gao,,CN,APAC,
Chuan Xin Lim,,SG,APAC,
Chuka Ikokwu,,US-CA,LATAM,
Chun Xu,,CN,APAC,
Cindy Cheung,,US-CA,LATAM,
Cindy Yang,,US-CA,LATAM,
Cindy Zhang,1,CN,APAC,
Ciro Continisio,,GB,EMEA,
Cissy Dai,,CN,APAC,
Claire Oliver,,GB,EMEA,
Claire Takahashi,,US-WA,LATAM,
Claude Comeau,1,CA,LATAM,
Claudine Dizon,,DK,EMEA,
Claus Nielsen,,DK,EMEA,
Claus Petersen,,DK,EMEA,
Cleon Mocika,,GB,EMEA,
Cliff Davies,,GB,EMEA,
Clive Downie,,US-CA,LATAM,
Cody Kennedy,,US-CA,LATAM,
Colin Alleyne,,CA,LATAM,
Connor Gray,,US-CA,LATAM,
"Corey ""Spaceman Spiff"" Johnson",,US-CA,LATAM,
Corey Garnett,,US-TX,LATAM,
Corin Ryda,,GB,EMEA,
Craig Beck,,US-WA,LATAM,
Craig Matthew Blum,1,US-WA,LATAM,
Craig Vega,,US-CA,LATAM,
Cristian Pilat,,CA,LATAM,
Cristina McNevin,,US,LATAM,
Cristina Vega Branchadell,,DK,EMEA,
Crysta Frost,,US-CA,LATAM,
Cyril Jover,,FR,EMEA,
Dale McCook,,US-CA,LATAM,
Dalena Lee,,SG,APAC,
Damian Campeanu,,CA,LATAM,
Damien Colin Simper,1,DK,EMEA,
Damir Holovati,,DK,EMEA,
Dan Adams,,US-CA,LATAM,
Dan Lowery,,US-CA,LATAM,
Dan Miller,,US-CA,LATAM,
Dan Prigg,1,US-WA,LATAM,
Dan Weighton,,GB,EMEA,
Dana Greene,,US-WA,LATAM,
Dana Ramnarine,1,,,
Daniel Alam,,US-CA,LATAM,
Daniel Bowen,,DK,EMEA,
Daniel Bratcher,1,DK,EMEA,
Daniel Brauer,,DK,EMEA,
Daniel Bush,,US-CA,LATAM,
Daniel Collin,1,,,
Daniel Hobley,,DK,EMEA,
Daniel Kim,1,US-CA,LATAM,
Daniel Kopelovich,,US-CA,LATAM,
Daniel McDonald,,US-CA,LATAM,
Daniel Robledo Forero,,CO,APAC,
Daniel Schuller,,GB,EMEA,
Daniel Tan,,US-CA,LATAM,
Daniel Trinh,,US-CA,LATAM,
Daniel Zautner,,FI,EMEA,
Danny Dyer,,US-TX,LATAM,
Danny Lange,,US-WA,LATAM,
Daphnie Han,,KR,APAC,
Daria Agafonova,,FI,EMEA,
Dario Seyb,,DE,EMEA,
Darren Williams,1,US-CA,LATAM,
Dave Hampson,,GB,EMEA,
Dave Miller,,US-CA,LATAM,
Dave Rhodes,,US-CA,LATAM,
Dave Shreiner,,US-CA,LATAM,
Davey Jackson,1,,,
David Berger,,US-CA,LATAM,
David Della Rocca,,CA,LATAM,
David Geoffroy,,CA,LATAM,
Davíð Helgason,,DK,EMEA,
David Hunt,,US-WA,LATAM,
David Latham,,US-TX,LATAM,
David Liew,1,SG,APAC,
David Llewelyn,,GB,EMEA,
David Lovegrove,,GB,EMEA,
David Oh,1,US-CA,LATAM,
David Ripka,1,,,
David Rogers,,US,LATAM,
David Schneider,,US-CA,LATAM,
David Schroeder,,US-CA,LATAM,
David Shorter,1,,,
David Skov Hansen,1,,,
David Son,,KR,APAC,
David Springer,1,US-CA,LATAM,
David Takahashi,,US-WA,LATAM,
Dean Calver,1,,,
Denis Simuntis,1,,,
Denis Smajlovic,1,,,
Denisas Kirilovas,,LT,EMEA,
Dennis DeRyke,,US-CA,LATAM,
Dennis Roberts,1,US-WA,LATAM,
Derek Bronson,,US-WA,LATAM,
Derek Shiu,,US-WA,LATAM,
Derrick Schneider,,US-CA,LATAM,
Dexter Kim,,KR,APAC,
Di Chen (陈迪),,CN,APAC,
Di Wu,,CN,APAC,
Diana Blaga,,DK,EMEA,
Diana Ford,,US-CA,LATAM,
Diana Kaye,,US-WA,LATAM,
Diane Linzy,,US-CA,LATAM,
Diogo de Campos,,DK,EMEA,
Dioselin Gonzalez,,US-CA,LATAM,
Dmitriy Mindra,1,,,
Dmitry Gorshkov,,FI,EMEA,
Dmitry Kolomiyets,,UA,EMEA,
Dmitry Kurilchenko,,RU,EMEA,
Dmitry Onishchenko,1,,,
Dmitry Shtainer,1,,,
Dominic Laflamme,,CA,LATAM,
Dominic Ngalayang Linting,,DK,EMEA,
Dominick Hein,,DE,EMEA,
Dominik Trnecka,,FI,EMEA,
Dominique Leroux,,CA,LATAM,
Dominykas Kiauleikis,,LT,EMEA,
Donaira Tamulynaitė,,LT,EMEA,
Donald Dy,,US-CA,LATAM,
Dong Hwan Jin （진동환 - 陳桐煥）,,KR,APAC,
Dong Yang (杨栋) ,,CN,APAC,
Dongyu Li,,CN,APAC,
Donnavon Webb,,US-WA,LATAM,
Donovan Burchett,,US-CA,LATAM,
Dorian Kendal,,US-CA,LATAM,
Dorothy Narvaez,,US-CA,LATAM,
Dorthe Hietala,1,DK,EMEA,
Doug Cherner,1,US-CA,LATAM,
Douglas Piconi,,US-PA,LATAM,
Dovilė Vyšniauskė,,LT,EMEA,
Dovydas Dainys,,LT,EMEA,
Dustin Lee,1,,,
Dylan Urquidi-Maynard,,US-CA,LATAM,
Dylan Yang,,,,
Dzmitry Roznouski,,GB,EMEA,
Eddy Ng,,US-CA,LATAM,
Eden Xia （夏清波）,,CN,APAC,
Edmund Shih (施宇浩),,SG,APAC,
Edna Pang (冯慧琦),,SG,APAC,
Eduardo Chaves,,US-CA,LATAM,
Eduards Celmins,,DK,EMEA,
Edvard Oblocinski,,LT,EMEA,
Edward Blais,,US-WA,LATAM,
Edward Epstein,1,US-CA,LATAM,
Edward Yablonsky,,UA,EMEA,
Egidijus Lileika,,LT,EMEA,
Egor Danchenkov,,FI,EMEA,
Ehsan Khaveh,,DK,EMEA,
Ekaterina Kalygina,1,DK,EMEA,
Ekta Singh,,DK,EMEA,
Elaine McChesney,,US-CA,LATAM,
Elaine Tan,,SG,APAC,
Elena Savinova,,UA,EMEA,
Elena Zezyulina,,RU,EMEA,
Eli Verbowski,,US-WA,LATAM,
Elie El Noune,,US-CA,LATAM,
Elif Merve Buyukcan,,FI,EMEA,
Elisa DePetris,,US-CA,LATAM,
Elise Malinet,1,,,
Elizabeth Bogart,,US-CA,LATAM,
Elizabeth Brown,,US-CA,LATAM,
Elizabeth Rankich,1,,,
Elizabeth Umer,,US-WA,LATAM,
Ella McConnell,,GB,EMEA,
Ellen Liew,1,US-CA,LATAM,
Elliot Cuzzillo,,US-CA,LATAM,
Elliot Solomon,,US-WA,LATAM,
Elly Ahn (안지혜),,KR,APAC,
Elmir Jagudin,1,DK,EMEA,
Elora Krzanich,,US-CA,LATAM,
Elsie Ng,,US-CA,LATAM,
Elvira Brodovska,,DK,EMEA,
Elvis Alistar,,DE,EMEA,
Emil Åberg Karlsson,,DK,EMEA,
Emil Johansen,1,DK,EMEA,
Emil Rune Møller,,DK,EMEA,
Emilia Lahtinen,,FI,EMEA,
Emilie Napoly,,DK,EMEA,
Emiliza Gutierrez,,US-WA,LATAM,
Emily Emanuel,,,,
Emma Butler,,US-WA,LATAM,
Emma Herlitschek,1,,,
Emma Li （李玉英）,,CN,APAC,
Emmanuel Horckmans,,CA,LATAM,
Ergin Bilgin,,LT,EMEA,
Eric Heitz,,FR,EMEA,
Eric Hwang,,US-CA,LATAM,
Eric Khoury,,CA,LATAM,
Erica Teiger,,US-CA,LATAM,
Erik Hemming,,SE,EMEA,
Erik Juhl,1,DK,EMEA,
Erik Suddath,,US-CA,LATAM,
Erika Baraišytė,,LT,EMEA,
Erika Dains,,US-CA,LATAM,
Erin Baker,1,,,
Erin Haubner,1,US,LATAM,
Erland Körner,1,SE,EMEA,
Ernestas Kupčiūnas,,LT,EMEA,
Ernestas Staugas,,LT,EMEA,
Erno Hopearuoho,,FI,EMEA,
Esben Ask Meincke,,DK,EMEA,
Esteban Galvis Gutierrez,,CO,APAC,
Ethan Vosburgh,1,DK,EMEA,
Eunbi Seol,,KR,APAC,
Eva Thorkelsdottir,,DK,EMEA,
Eva Ying,1,CN,APAC,
Evaldas Lavrinovičius,,LT,EMEA,
Evan Chew,,US-CA,LATAM,
Evan Frawley,,US-WA,LATAM,
Evan Spytma,1,SG,APAC,
Ève Rivard,,CA,LATAM,
Evelyn Gilvary,,US-CA,LATAM,
Evgenii Golubev,,FR,EMEA,
Evgeny Kulikov,,FI,EMEA,
Evon Siok Yee Low,,SG,APAC,
Ezra Nuite,1,US-WA,LATAM,
Fabrice Prosper,,CA,LATAM,
Fan Gong（龚凡）,,CN,APAC,
Fan Zhang（张帆）,,CN,APAC,
Fang Yang,1,CN,APAC,
Farheen Bandeali,,,,
Farshid Fallah,,US-CA,LATAM,
Fei Huang,,DK,EMEA,
Felipe Lira,,DK,EMEA,
Felipe Lopez,,US-CA,LATAM,
Felix Kerger,1,GB,EMEA,
Felix The,,US-CA,LATAM,
Fenglin Yu,,CN,APAC,
Fengmao Wang,,CN,APAC,
Fidel Galay,,US-CA,LATAM,
Filip Iliescu,,US-CA,LATAM,
Fini Faria Alring,1,,,
Firat Salgur,,FI,EMEA,
Firtina Ozbalikci,,GB,EMEA,
Flemming Hansen,,DK,EMEA,
Fletcher Haynes,,US-WA,LATAM,
Florent Guinier,,DK,EMEA,
Florian Penzkofer,,DE,EMEA,
"Forest ""Yoggy"" Johnson",1,,,
Francis Bertrand,,CA,LATAM,
Francis Lauzon Duranceau,,CA,LATAM,
Francis Mulhern,,,,
Francis Pagé,,CA,LATAM,
Francisco Cuevas Garrido,1,,,
Francisco Morgado,,GB,EMEA,
Frank Clausen,1,DK,EMEA,
Frank Jonsson,,DK,EMEA,
Frank Mortensen,,DK,EMEA,
Frank Nagelmann,,US-CA,LATAM,
Frank Naggies,,DE,EMEA,
Frankie Valentine,,US-CA,LATAM,
Fred Yang,,KR,APAC,
Frederic Vauchelles,,FR,EMEA,
Fredrik Ax,,DK,EMEA,
Fredrik Holmstrom,1,SE,EMEA,
Fredrik von Renteln,1,,,
Fritz Huie,,US-CA,LATAM,
Fritz Taylor,,DK,EMEA,
Gabriel Burkholder,,US-WA,LATAM,
Gabriel Morin,,CA,LATAM,
Gabriele Farina,,DK,EMEA,
Gabrielė Saletytė,,LT,EMEA,
Galileo Yuseco,,JP,APAC,
Gauthier Groult,,US-CA,LATAM,
Gavin Carpenter,,US-CA,LATAM,
Gavin Tong,,US-CA,LATAM,
Gavin Yeo,1,,,
Gediminas Petrikas,1,LT,EMEA,
Geetha Perumal Swami,1,DK,EMEA,
Gennady Melnik,,UA,EMEA,
Georgi Simeonov,,GB,EMEA,
Gergo Foldhazi,,HU,EMEA,
Giedrius Černiauskas,,LT,EMEA,
Gina Hecht,,,,
Gino Galotti,,DK,EMEA,
Gintaras Svaras,,LT,EMEA,
Gintare Simkute,,DK,EMEA,
Gintautas Skersys,,FI,EMEA,
Gladys Ang,,SG,APAC,
Göksel Göktas,,FI,EMEA,
Goncalo Morgado,,GB,EMEA,
Gosia Nedzi,,DK,EMEA,
Grace Shin,,KR,APAC,
Grace Yeong,,DK,EMEA,
Graham Dunnett,,GB,EMEA,
Graham Hillgren,,DK,EMEA,
Graham Laverty,1,,,
Graham Reeves,1,GB,EMEA,
Greg Chambers,,US-WA,LATAM,
Greg Madison,,US-CA,LATAM,
Greg McGuirk,,US-CA,LATAM,
Greg Snoddy,,US-CA,LATAM,
Greg Wojciechowski,,DK,EMEA,
Gregg Hanano,,US-CA,LATAM,
Gregory Labute,,CA,LATAM,
Gudmundur Palsson,,DK,EMEA,
Gudni Olafsson,,FI,EMEA,
Guillaume Saby,,GB,EMEA,
Gukhwan Ji,1,KR,APAC,
Gunnhildur Ferdinandsdóttir,1,DK,EMEA,
Gustavo Castro,,US-CA,LATAM,
Gytis Barkauskas,,LT,EMEA,
Haiwei Li,,CN,APAC,
Hanjin Seo,,KR,APAC,
Hanna Yi,1,US-CA,LATAM,
Hannah Rosa,,US-CA,LATAM,
Hao Guo（郭皓）,,CN,APAC,
Hao Li,,US-CA,LATAM,
Hao Min,,CN,APAC,
Hao Tian（田浩）,,CN,APAC,
Haoran Zhu,,CN,APAC,
Harald Kjær Nielsen,,DK,EMEA,eble
Harini Rajagopal,,DK,EMEA,
Harpa Gunnlaugsdottir,,DK,EMEA,
Harry Chng,,SG,APAC,
Harry Tan,,SG,APAC,
Heather Mao,,US-CA,LATAM,
Hechen Gao,,US-CA,LATAM,
Heidi Therkildsen,1,,,
Heikki Hulkko,,FI,EMEA,
Heikki Sandstrom,,FI,EMEA,
Heikki Tunkelo,,FI,EMEA,
Heine Meineche Fusager,,DK,EMEA,
Helen Vergel de Dios,,DK,EMEA,
Helene Prevost Jensen,1,DK,EMEA,
Helene Simard,1,CA,LATAM,
Heli Laurell-Caris,,DK,EMEA,
Hengli Zhuang,1,,,
Henna Leppänen,,FI,EMEA,
Henrik Nielsen,1,DK,EMEA,
Henrik Poulsen,,DK,EMEA,
Henrik Ravn,,DK,EMEA,
Henrik Schlichter,,DK,EMEA,
Henrik Stuart,,DK,EMEA,
Henry Ahn,,KR,APAC,
Henry Peng,,CN,APAC,
Heta Joutsiniemi,,FI,EMEA,
Hiep Can,,US-WA,LATAM,
Hindu Buddharaju,,DK,EMEA,
Hiroaki Tanikawa（谷川 敬章 - タニカワ ヒロアキ）,,JP,APAC,
Hiroki Miyada,,JP,APAC,
Hiroki Morishima,,JP,APAC,
Hiroki Omae（大前 広樹 - おおまえ ひろき）,,JP,APAC,
Hollie Figueroa,,US-CA,LATAM,
Holly Reynolds,,US-CA,LATAM,
Hólmfríður Eygló Arndal Gunnarsdóttir,1,DK,EMEA,
HoMin Lee,1,,,
Hong Li（李蕻）,,CN,APAC,
Hongfei Chen,1,CN,APAC,
Hongxia Shen,,CN,APAC,
Hongyu Pan （PanHongyu）,,CN,APAC,
Hongzhen Peng,,CN,APAC,
Hoseung Chun,,KR,APAC,
Huabing Zhu,,CN,APAC,
Huaizhong Yang,,CN,APAC,
Hubert Larenaudie,,SG,APAC,
Hugh Lee（이창우 - 李昌雨）,,KR,APAC,
Hugh Longworth,1,GB,EMEA,
Hugo Van Heuven,,US,LATAM,
Huiting Sun,,CN,APAC,
Hunter Henry,,US-WA,LATAM,
Hussein Khalil,,CA,LATAM,
Hwan-hee Kim,1,KR,APAC,
HYE IN JUNG,,KR,APAC,
Hyunjai Shin,1,,,
Hyunwoo Cho,1,,,
Iain Gilfeather,,GB,EMEA,
Iain Stevens-Guille,,CA,LATAM,
Ian Davids,1,,,
Ian Dundore,,DE,EMEA,
Ian Dunlap,,US-CA,LATAM,
Iestyn Lloyd,1,,,
Ieva Ramanauskaite,,LT,EMEA,
Ignacio Liverotti,,GB,EMEA,
Ignas Ziberkas,,LT,EMEA,
Igor Fil,1,CA,LATAM,
Igor Kochetov,,UA,EMEA,
Igor Kozyrenko,,UA,EMEA,
Igor Lunev,,FI,EMEA,
Il Hwan Lee（이일환）,,KR,APAC,
Ilija Mitkov,,DK,EMEA,
Ilya Komendantov,,DK,EMEA,
Ilya Turshatov,,UA,EMEA,
Ingibjorg Johannsdottir,,DK,EMEA,
Ingrid Lestiyo,,US-CA,LATAM,
Inseong Kim,,KR,APAC,
Inyoung Jung,,KR,APAC,
Ionut Nedelcu,,DK,EMEA,
Iris Sun,,CN,APAC,
Isabelle Jacquinot,1,DK,EMEA,
Isabelle Riva,,CA,LATAM,
Isla Jean Carson,,DK,EMEA,
Iurii Zakipnyi,,DE,EMEA,
J.J. Hoesing,,US-WA,LATAM,
Jaakko Holster,,FI,EMEA,
Jaakko Lukkari,,FI,EMEA,
Jaakko Santala,,FI,EMEA,
Jaakko Setälä,,FI,EMEA,
Jaakko Virtanen,,FI,EMEA,
Jacek Mackiewicz,,GB,EMEA,
Jack Paine,,GB,EMEA,
Jack Podell,,US-CA,LATAM,
Jacob Bates,1,,,
Jacob Davidsen,,DK,EMEA,
Jacob Grooss,,DK,EMEA,
Jacob Nielsen,,DK,EMEA,
Jacob Olsen,,DK,EMEA,
Jaehyun Kang （강재현）,,KR,APAC,
Jaeyoung Han,,KR,APAC,
Jainaressh Balachander,,IN,EMEA,
Jais Kragelund Bredsted,,DK,EMEA,
Jake Lee （이종석）,,KR,APAC,
Jake Turner,,GB,EMEA,
Jakob Hunsballe,,DK,EMEA,
Jakob Lystbæk,,DK,EMEA,
Jakob Schou Jensen,,DK,EMEA,
Jalmari Raippalinna,,FI,EMEA,
James Battersby,,US-CA,LATAM,
James Bouckley,,GB,EMEA,
James Byrne,,GB,EMEA,
James Cho,1,,,
James Kim,,US-WA,LATAM,
James Thomas Mathews,,FI,EMEA,
James Turnage-Perez,,US-CA,LATAM,
James Webb,,US-TX,LATAM,
Jami Karvanen,,FI,EMEA,
Jamie Trentham,,GB,EMEA,
Jan Marguc,,DK,EMEA,
Jane Diaz,1,DK,EMEA,
Jane Park,1,KR,APAC,
Janelle Parry,,US,LATAM,
Janet Qiu,1,CN,APAC,
Janett Perry,,US-CA,LATAM,
Jani Arvonen,,FI,EMEA,
Jani Mikkonen,,FI,EMEA,
Jani Stenvall,,FI,EMEA,
Janice Loy,,SG,APAC,
Janina Fargerlund,,FI,EMEA,
Janne Alanen,,FI,EMEA,
Janne Nikula,,FI,EMEA,
Janne Sinivirta,,FI,EMEA,
Janni Kjaersgaard,,DK,EMEA,
Janny Chiu,,US-CA,LATAM,
Janus Kirkegaard,,DK,EMEA,
Janus Thorborg,,DK,EMEA,
Jari Kemi,,FI,EMEA,
Jarkko Rajamaki,,US-CA,LATAM,
Jarkko Tikka,,FI,EMEA,
Jarko Vihriala,,FI,EMEA,
Jason Casale,,US-WA,LATAM,
Jason Chen,,CN,APAC,
Jason Costanza,,US-WA,LATAM,
Jason Hansen,,US-WA,LATAM,
Jason McCullough,,CA,LATAM,
Jason Page,,GB,EMEA,
Jason Parks,1,,,
Jason Tsai,,US-CA,LATAM,
Jason Williams,,US-CA,LATAM,
Jay Rowland,,US-CA,LATAM,
Jay Santos,,SG,APAC,
Jay Tailor,,US-CA,LATAM,
JC Cimetiere,,US-WA,LATAM,
Jean Baptiste Evain,1,,,
"Jean Jacques ""Jay"" Taoko",,CA,LATAM,
Jean-Francois F Fortin,,CA,LATAM,
Jean-Philippe Leroux,,CA,LATAM,
Jean-Philippe Menil,,DK,EMEA,
Jean-Sebastien Campagna,,CA,LATAM,
Jean-Sebastien Gervais,,CA,LATAM,
Jeanne Dieu,,DK,EMEA,
Jed Ritchey,1,US-CA,LATAM,
Jeff Aydelotte,1,,,
Jeff Dillon,,US-CA,LATAM,
Jeff Hemenway,,US,LATAM,
Jeff Kirkley,1,,,
Jeffrey Davies,,US-WA,LATAM,
Jenna Thomas,,US-CA,LATAM,
Jennie Martinez,,US-CA,LATAM,
Jennifer Barras,,US-TX,LATAM,
Jennifer Bowen,,US,LATAM,
Jennifer Deslandes,,CA,LATAM,
Jennifer Dick,,CA,LATAM,
Jennifer Nordwall,,DK,EMEA,
Jenny Lim,,SG,APAC,
Jens Andersen,1,,,
Jens Fursund,1,DK,EMEA,
Jens Holm,,DK,EMEA,
Jens Skinnerup,,DK,EMEA,
Jeremy Martin,,US,LATAM,
Jerry Bao （鲍健运）,,CN,APAC,
Jerry Joonia Mesimäki,,FI,EMEA,
Jerry Mesimäki,,FI,EMEA,
Jesper Mortensen,,DK,EMEA,
Jesper Rasmussen,1,DK,EMEA,
Jesper Thim Joergensen,,DK,EMEA,
Jesse Barker,,US-CA,LATAM,
Jesse Reiter,,US-CA,LATAM,
Jesse Smith,1,,,
Jessica Lindl,,US-CA,LATAM,
Jessica Qian,1,CN,APAC,
Jessica Slusark,,GB,EMEA,
Jessika Jackson,,US-CA,LATAM,
Jesus Franco,,DK,EMEA,
Jetro Lauha,,FI,EMEA,
Jette Dalgaard Bay,1,,,
Jiafan Li,1,CN,APAC,
Jiahao Shi,,CN,APAC,
Jiajia Li,,CN,APAC,
Jiaqing Wang,1,CN,APAC,
Jiawei Ma,1,CN,APAC,
Jie Feng,,CN,APAC,
Jihye Han,1,,,
Jihyun Oh,,KR,APAC,
Jim Hart,,US-CA,LATAM,
Jimmy Alamparambil,,US-CA,LATAM,
Jindou Jiao,,US-CA,LATAM,
Jing Liu （刘婧）,1,CN,APAC,
Jingyao Zong （踪敬尧）,,CN,APAC,
Jinho Mang,1,KR,APAC,
Jinjeong Lee,1,KR,APAC,
Jinn Kim,1,KR,APAC,
Jinxu Huang,,DK,EMEA,
Jiwon Yu,1,,,
Jiyuan Liao,1,CN,APAC,
Jo Ryall,,US-CA,LATAM,
Joachim Ante,,DK,EMEA,
Joana Kodyte,,LT,EMEA,
JoAnna Matthisen,1,US-WA,LATAM,
Joannes Poulsen,,DK,EMEA,
Jocelyn Cai,,SG,APAC,
Jocelyn Legault,,CA,LATAM,
Jocelyn Shieh,,US-CA,LATAM,
Joe Cademartori,,US-CA,LATAM,
Joe Jones,,US-WA,LATAM,
Joe Robins,,GB,EMEA,
Joe Santos,,US-CA,LATAM,
Joel Comeaux,,US-TX,LATAM,
Joel de Vahl,,SE,EMEA,
Joel Fortin,,CA,LATAM,
Joel Lennartsson,,SE,EMEA,
Joel Packer,,US-CA,LATAM,
Joel Washburn,,US,LATAM,
Joen Joensen,1,DK,EMEA,
Joen Sindholt,,DK,EMEA,
Johana Riquier,,GB,EMEA,
Johaness Reuben,,SG,APAC,
Johannes Linke,,DE,EMEA,
John Bang,,US-CA,LATAM,
John Cheng,,US-CA,LATAM,
John Colbourne,,GB,EMEA,
John Crowe,,GB,EMEA,
John Dickinson,,GB,EMEA,
John Edgar Congote Calle,1,CO,APAC,
John Elliot,,US-CA,LATAM,
John Fallon,,GB,EMEA,
John Gallelli,,US-WA,LATAM,
John Goodale,1,US,LATAM,
John Jones,,US-CA,LATAM,
John Montealegre,,CO,APAC,
John Park,,KR,APAC,
John Parsaie,,US,LATAM,
John Riccitiello,,US-CA,LATAM,
John Schuman,,US-CA,LATAM,
John Sietsma,,AU,APAC,
Jokūbas Rusakevičius,,LT,EMEA,
Jon Appelberg,,FI,EMEA,
Jon Underwood,,GB,EMEA,
Jon Wall,,US-WA,LATAM,
Jonas Christian Drewsen,,DK,EMEA,
Jonas Echterhoff,,DE,EMEA,
Jonas Lukoševičius,,LT,EMEA,
Jonas Meyer,1,,,
Jonas Minnberg,,SE,EMEA,
Jonas Morup,,DK,EMEA,
Jonas Sideravičius,,LT,EMEA,
Jonas Svagzdys,,LT,EMEA,
Jonas Törnquist,1,,,
Jonas Uosis,,LT,EMEA,
Jonathan Chambers,,US-PA,LATAM,
Jonathan Dupuy,,FR,EMEA,
Jonathan Harper,,US-CA,LATAM,
Jonathan Harrington,,US-CA,LATAM,
Jonathan Hogins,,US-WA,LATAM,
Jonathan Maurice,,CA,LATAM,
Jonathan Men,,US-WA,LATAM,
Jonathan Newberry,,US-CA,LATAM,
Jonathan Oster Dano,1,DK,EMEA,
Jono Forbes,,US-CA,LATAM,
Jookyung Hyun,1,,,
Joona Rahko,,FI,EMEA,
Joonsoo Ryu,,KR,APAC,
Jordan Liff,,US-CA,LATAM,
Jordi Bonastre Santolaya,,GB,EMEA,
Jose De Oliveira,,US-WA,LATAM,
Jose Roberto Ardila Garcia,,CO,APAC,
Jose Zamudio,,US-CA,LATAM,
Joseph Maguire,,US-WA,LATAM,
Joseph Mikhail,,US-CA,LATAM,
Joseph Petroske,,US-WA,LATAM,
Joseph Scheinberg,,US-TX,LATAM,
Joseph Stephenson,,GB,EMEA,
Joseph Walters,1,,,
Joseph Willmon,,US-CA,LATAM,
Josh Aaseby,,US-CA,LATAM,
Josh Naylor,,GB,EMEA,
Josh Strom,1,US-CA,LATAM,
Joshua Peterson,,US-PA,LATAM,
Joung mun Kim,1,,,
Joyce Hou,,US-CA,LATAM,
Joyce Juezhang,1,,,
Joyce Law （罗秀凤）,,SG,APAC,
Juan Diego Uran Correa,,CO,APAC,
Juan Mora,,CO,APAC,
Juan Pablo Nieto Jaramillo,,CO,APAC,
Juan Sebastian Muñoz,1,DK,EMEA,
Juha Kiili,,FI,EMEA,
Juhani Karlsson,,FI,EMEA,
Juho Makinen,,FI,EMEA,
Juho Metsovuori,,FI,EMEA,
Juho Oravainen,,FI,EMEA,
Juho Vuori,,FI,EMEA,
Jukka Aittola,,FI,EMEA,
Jukka Arvo,1,,,
Julia Balashova,,UA,EMEA,
Julian Cruz Guzman,,CO,APAC,
Julie Bernard,,US-CA,LATAM,
Julie Eickhof,1,US-CA,LATAM,
Julie Lynch,,US,LATAM,
Julie Nordskov Johansen,,DK,EMEA,
Julie Shumaker,,US-CA,LATAM,
Julie Yap,,SG,APAC,
Julien Bisconti,,FI,EMEA,
Julien Blais,,CA,LATAM,
Julien Delezenne,,KR,APAC,
Julien Didierjean,,CA,LATAM,
Julien Fryer,,FR,EMEA,
Julien Ignace,,FR,EMEA,
Julius Chen,,SG,APAC,
Julius Januskevicius,,GB,EMEA,
Julius Miknevičius,,LT,EMEA,
Julius Trinkunas,,LT,EMEA,
Jun Won Suh,,US-CA,LATAM,
Junbo Zhang,,CN,APAC,
Jung mi Kim,1,KR,APAC,
Jungah Seo,,KR,APAC,
Junghwa (Elisa) Choi,1,,,
Junghwan Lim,,KR,APAC,
Junqing Gu,,CN,APAC,
Juozas Kasiliasukas,,LT,EMEA,
Juqi Liu,,US-CA,LATAM,
Jussi Kalliokoski,,FI,EMEA,
Jussi Kemppainen,,FI,EMEA,
Jussi Kuosa,,FI,EMEA,
Jussi Laakkonen,,FI,EMEA,
Jussi Venho,1,FI,EMEA,
Justas Glodenis,,LT,EMEA,
Justin Collins,,US-CA,LATAM,
Justin Goney,,FI,EMEA,
Justin Graham,,US-CA,LATAM,
Justin Kruger,1,US-CA,LATAM,
Justin Villacis,1,US-CA,LATAM,
Justin Zheng,,US-CA,LATAM,
Justina Selia Xinyu Rautio,,FI,EMEA,
Justinas Cicėnas,,LT,EMEA,
Justinas Gutauskas,,LT,EMEA,
Justinas Pliuskys,,LT,EMEA,
Justinas Vygintas Daugmaudis,1,LT,EMEA,
Juuso Backman,,FI,EMEA,
Juuso Kaari,,FI,EMEA,
Juuso Väätäinen,,FI,EMEA,
Juyong Oh,,KR,APAC,
Kahn Jekarl,,US-CA,LATAM,
Kaisa Salakka,,FI,EMEA,
Kaj Björklund,,FI,EMEA,
Kaja Søndergaard,,DK,EMEA,
Kajal Gheewala,,US-CA,LATAM,
Kaku Kindaichi,,JP,APAC,
Kalle Manninen,,FI,EMEA,
Kam Shing (Joe) Yip,,CA,LATAM,
Kamio Chambless,1,US-CA,LATAM,
Kannan Palanisamy,,DK,EMEA,
Karen Booth,,US-CA,LATAM,
Karen Gold-Haynes,,GB,EMEA,
Karen Hampton,,US-WA,LATAM,
Karen Riskær Jørgensen,1,,,
Karena Tyan,1,US-CA,LATAM,
Karim Boudart,,DK,EMEA,
Karin Laksafoss,,DK,EMEA,
Karl Jones,,GB,EMEA,
Karolis Norkunas,1,,,
Karsten Nielsen,1,DK,EMEA,
Kaspar Daugaard,,US-CA,LATAM,
Kasparas Kazemekas,,LT,EMEA,
Kasper Amstrup Andersen,1,DK,EMEA,
Kasper Hirvikoski,,FI,EMEA,
Kasper Madsen,,DK,EMEA,
Kasper Storm Engelstoft,,DK,EMEA,
Kass Girach,,GB,EMEA,
Katarzyna Tumidajewicz,,DK,EMEA,
Kate Harris,,US-CA,LATAM,
Kate Hwang,,KR,APAC,
Kateryna Musina,,DK,EMEA,
Katharine Madeleine Gill,,GB,EMEA,
Katherine Cavenee,1,,,
Katherine Overmeyer,1,US-CA,LATAM,
Kathie Lee,,US-CA,LATAM,
Katrina De Jesus,,US-CA,LATAM,
Katrina Strafford,,US-CA,LATAM,
Katrine Hegnsborg Bruun,1,,,
Katsumasa Kimura （木村 勝将 - きむら かつまさ）,,JP,APAC,
Kattia Paludan,,,,
Katya Kornilova,,GB,EMEA,
Kay Chang,,JP,APAC,
Kay Kim （김원경 - 金源經）,,KR,APAC,
Kayla Zhong,,CN,APAC,
Kazimieras Semaška,1,LT,EMEA,
Keigo Ando （安藤 圭吾 - あんどう けいご）,,JP,APAC,
Keijiro Takahashi （高橋 啓治郎 - たかはし けいじろう）,,JP,APAC,
Keith Ellul,,US-CA,LATAM,
Keli Hlöðversson,1,DK,EMEA,
Kelly MacNeill,1,US-CA,LATAM,
Kelly Sandvig,1,US-CA,LATAM,
Kelvin Lo （羅志達）,,TW,APAC,
Kemal Akay,,DK,EMEA,
Ken Noland,1,,,
Kenan Christensen,,DK,EMEA,
Kenn Yuen,,SG,APAC,
Kenneth Andersen,,DK,EMEA,
Kenneth Pedersen,,US-WA,LATAM,
Kenneth Yeh,,US-CA,LATAM,
Kenny Altman,,US-CA,LATAM,
Kent Ashmore,,,,
Kent Buenaventura,,US-CA,LATAM,
Kéri Dávid,,HU,EMEA,
Kerry Turner,,GB,EMEA,
Kesha Day,,,,
Keting Pan (潘科廷),,CN,APAC,
Kevin Albano,,US-CA,LATAM,
Kevin Ashman,1,US-CA,LATAM,
Kevin Gadd,1,,,
Kevin Gu,,CN,APAC,
Kevin McKinley,,US-CA,LATAM,
Kevin Robertson,1,US,LATAM,
Kevin Sun（孙志鹏）,,CN,APAC,
Kevin Wu,,US-CA,LATAM,
Kexin Zhao,1,,,
Khriekosa Rino,,US-WA,LATAM,
Ki-jae Kim,,KR,APAC,
Kia Skouw Christensen,1,,,
Kiersten Petesch,1,US-CA,LATAM,
Kim Huang,,US-CA,LATAM,
Kim Moon-soo,1,,,
Kim Riste,,US-WA,LATAM,
Kim Steen Riber,,DK,EMEA,
Kimberly Bailey,1,US-CA,LATAM,
Kimberly Verde,1,,,
Kimberly Villaron,,US-WA,LATAM,
Kimi Wang,1,,,
Kirsten Duvall,,US-CA,LATAM,
Kirsten Marie Brochorst Gronborg,1,,,
Kjartan Olafsson,,DK,EMEA,
Knut Nesheim,1,,,
Kohei Kyono,,JP,APAC,
Kornel Mikes,1,US-CA,LATAM,
Korosh Sahami,,US-CA,LATAM,
Krasimir Nechevski,,BG,APAC,
Kremena Dimitrova,,DK,EMEA,
Kristan Pardue,,DK,EMEA,
Kristian Lindroos,,FI,EMEA,
Kristian Mandrup,1,,,
Kristian Mørk,,DK,EMEA,
Kristjan B. Halfdanarson,,US-CA,LATAM,
Kristoffer Schultz,,US-WA,LATAM,
Kristyna Hougaard,,DK,EMEA,
Krystanne Casey,,US-WA,LATAM,
Kuba Cupisz,,DK,EMEA,
Kyla Keefe,,US-CA,LATAM,
Kyle Lane,,US-CA,LATAM,
Kyle McNutt,,US-WA,LATAM,
Kyle Vaidyanathan,,US-CA,LATAM,
Kyler Frisbee,,US-WA,LATAM,
Kyungjun Min （민경준）,,KR,APAC,
Laetitia Santore,,US-CA,LATAM,
Laila Pedersen,,DK,EMEA,
Lance Zielinski,,US-WA,LATAM,
Lanssie Ma,,US-CA,LATAM,
Lara Oskarsdottir,,IN,EMEA,
"Lars ""Kroll"" Kristensen",,,,
Lars Mølgård Nielsen,,DK,EMEA,
Lars Paisley,,DK,EMEA,
Lars Runov,1,DK,EMEA,
Lárus Ólafsson,,DK,EMEA,
Lasse Bach,,DK,EMEA,
Lasse Järvensivu,1,GB,EMEA,
Lasse Larsen,1,,,
Lasse Lukkari,,FI,EMEA,
Lasse Makholm,1,DK,EMEA,
Latierra Edwards,,US-CA,LATAM,
Laura Holmwood,,GB,EMEA,
Laura Mackin,,US-WA,LATAM,
Lauren Feldman,,US-CA,LATAM,
Lauren Koester,1,US-CA,LATAM,
Lauren Velez,,US,LATAM,
Laurent Belcour,,FR,EMEA,
Laurent Harduin,,FR,EMEA,
Laurent Ruel,,CA,LATAM,
Laurynas Simkunas,,LT,EMEA,
Leena Kuitunen,,FI,EMEA,
Leena Viitanen,,FI,EMEA,
Lei Jiang,,US-CA,LATAM,
Lena Egede Damgaard,,DK,EMEA,
Lene May Nielsen,,DK,EMEA,
Lenna Yang,,SG,APAC,
Leo Fu （傅勤）,,CN,APAC,
Leo Yaik,,SG,APAC,
Leon Chen,,US-CA,LATAM,
Leon Jun,,,,
Leon Liu,,CN,APAC,
Leonardo Carneiro,,DK,EMEA,
Leonhard Pickny,,DK,EMEA,
Levi Bard,,DK,EMEA,
Levi Michelsen,,DK,EMEA,
Lewis Tam,,CN,APAC,
Li Zhu,1,DK,EMEA,
Liana Holmberg,,US-CA,LATAM,
Liang Zhao,1,CN,APAC,
Liangfu Xia （夏良富）,,CN,APAC,
Lily Zhou （周莉）,,CN,APAC,
Liming Zhang,,CN,APAC,
Lina Gudžiūnaitė,,LT,EMEA,
Lina Kim,,KR,APAC,
Lindsay Golder,,GB,EMEA,
Lindsey Larkin,,US-CA,LATAM,
Ling Zhai,,CN,APAC,
Lirui Mao （毛力锐）,,CN,APAC,
Lisa Eliasson,,GB,EMEA,
Lise Flanding,,DK,EMEA,
Liu Xu,,GB,EMEA,
Liz Mackay,,SG,APAC,
Liz Mercuri,,GB,EMEA,
Lloyd West,,US-CA,LATAM,
Loic Juillard,,US-CA,LATAM,
Lolita Amica,,US-CA,LATAM,
Lone Stokholm,1,,,
Loreta Cijunaitiene,,LT,EMEA,
Louie Tejada,,US-CA,LATAM,
Louise Skaarup,1,DK,EMEA,
Loun Lee,,KR,APAC,
Lu Ping Ling,,SG,APAC,
Lu Xia,,CN,APAC,
Luc Poirier,,CA,LATAM,
Luc Vo Van,,CA,LATAM,
Luca Giurdanella,,DK,EMEA,
Lucas Meijer,,NL,EMEA,
Lucia Rohrer,1,,,
Lukas Andriejūnas,,LT,EMEA,
Lukas Cetyrko,,LT,EMEA,
Lukas Chodosevičius,,LT,EMEA,
Lukas Dapkus,,LT,EMEA,
Lukas Dynowski,1,,,
Lukas Kliučinskas,,LT,EMEA,
Lukas Usnys,,LT,EMEA,
Lukas Wendt,,DK,EMEA,
Lukasz Paczkowski,,DK,EMEA,
Luke Williams,,GB,EMEA,
Lydia White,,US-CA,LATAM,
Maciej Gurban,,FI,EMEA,
Maddalena Vismara,,CA,LATAM,
Madelaine Fouts,1,US-CA,LATAM,
Madhur Gupta,,IN,EMEA,
Mads Kiilerich,,DK,EMEA,
Mads Kjellerup,1,DK,EMEA,
Mads Nyholm,,DK,EMEA,
Mads Ronnow,,DK,EMEA,
Mads Stage,,DK,EMEA,
Maggie Carabello,,US-CA,LATAM,
Maggie Hong,,DK,EMEA,
Magnus Lindfors,,FI,EMEA,
Mahdi Asefi,,US-CA,LATAM,
Maj-Brit Jo Arnested,1,,,
Makoto Ito （伊藤 周 - いとう まこと）,,JP,APAC,
Makoto Sugano,,JP,APAC,
Maksym Bida,,UA,EMEA,
Malak Moon,,US-CA,LATAM,
Malte Hildingsson,,SE,EMEA,
Mantas Puida,,LT,EMEA,
Mantas Skara,,LT,EMEA,
Manuel Arroyo,,US-CA,LATAM,
Manuel Im,,KR,APAC,
Marc Antoine Vallee,1,,,
Marc Bearman,,GB,EMEA,
Marc Cinq Mars,,CA,LATAM,
Marc Eric Quesnel,,CA,LATAM,
Marc Tanenbaum,,US-CA,LATAM,
Marc Templin,,US-WA,LATAM,
Marc Tourle,,GB,EMEA,
Marcelo Leite,,DK,EMEA,
Marcin Gollent,1,,,
Marco Alvarado,1,,,
Marco Trivellato,,GB,EMEA,
Marcos Sanchez,1,US-CA,LATAM,
Marcus Dahl Rasmussen,,DK,EMEA,
Marcus Kamp,1,US,LATAM,
Marcus Lim,,SG,APAC,
Marek Marchlewicz,,CN,APAC,
Marek Turski,,DK,EMEA,
Maria Marcano,,DK,EMEA,
Maria Novisova,,GB,EMEA,
Marie-Louise Kruse Johansen,,DK,EMEA,
Marijus Vitkauskas,,LT,EMEA,
Marilyn Hommes,,US-CA,LATAM,
Marina Øster,,DK,EMEA,
Mario Baumann,,US-WA,LATAM,
Marius Jaskūnas,,LT,EMEA,
Marius Raustys,,,,
Marius Siegas,,LT,EMEA,
Marja Kapyaho,,,,
Mark Choi,,US-CA,LATAM,
Mark Dugdale,,GB,EMEA,
Mark Gehan,,US-WA,LATAM,
Mark Harkness,,GB,EMEA,
Mark Morrison,,,,
Mark Poeppelmeier,,US-CA,LATAM,
Mark Schoennagel,,US,LATAM,
Mark Visser,,CA,LATAM,
Markku Halinen,,FI,EMEA,
Marko Jarvenpaa,,FI,EMEA,
Markus Lorenz Wiedemann,,DE,EMEA,
Marlene Giraud,,CA,LATAM,
Martin Bo,,DK,EMEA,
Martin Côté,,CA,LATAM,
Martin Gjaldbæk,1,DK,EMEA,
Martin Gram,,DK,EMEA,
Martin Hastrup,,DK,EMEA,
Martin Hutchings,,GB,EMEA,
Martin Kuemmel,,DK,EMEA,
Martin Nielsen,,DK,EMEA,
Martin Paradis,1,CA,LATAM,
Martin Schröder,,DK,EMEA,
Martin Soegaard Neiiendam,,DK,EMEA,
Martin Sternevald,,SE,EMEA,
Martin Stjernholk Vium,,DK,EMEA,
Martin Troels Eberhardt,1,DK,EMEA,
Martin Zielinski,,DE,EMEA,
Márton Ekler,,HU,EMEA,
Martyna Klovaitė,,LT,EMEA,
Maruthi Siva Prasad V.M,,DK,EMEA,
Marvin Gleaton,,US-CA,LATAM,
Marvin Kharrazi,1,US-CA,LATAM,
Mary lynn Lim,1,,,
Mary Yap,,SG,APAC,
Maryann Shangkuan,,US-CA,LATAM,
Marycarl Feldman,,US-CA,LATAM,
Masayuki Iwai （岩井 雅幸 - イワイ マサユキ）,,JP,APAC,
Massimiliano Mantione,1,,,
Massimo Caterino,1,,,
Mathew Chee,,SG,APAC,
Mathias Hansen,,DK,EMEA,
Mathieu Benard,,CA,LATAM,
Mathieu Miller,,CA,LATAM,
Mathieu Muller,,FR,EMEA,
Mathieu Rivest,,CA,LATAM,
Matt Bengston,,FI,EMEA,
Matt Dalby,,US-WA,LATAM,
Matt Fuad,,US-CA,LATAM,
Matt Reynolds,1,,,
Matt Schoen,,US-CA,LATAM,
Matt Vinall,,GB,EMEA,
Matthew Dean,,GB,EMEA,
Matthew Fini,,US-CA,LATAM,
Matthew Gamble,,GB,EMEA,
Matthew Lamos,,US-CA,LATAM,
Matthew Pruitt,,US-CA,LATAM,
Matthew Puccerella,,US-WA,LATAM,
Matthew Roper,,GB,EMEA,
Matthew Schell,,US,LATAM,
Matthew Wyatt,,US-WA,LATAM,
Matthieu Rolla,,DK,EMEA,
Matti Ahtiainen,,FI,EMEA,
Matti Hiltunen,,FI,EMEA,
Matti Pekka Ritvola,,FI,EMEA,
Matti Savolainen,,FI,EMEA,
Maureen Sills,,FI,EMEA,
Mauricio Vergara,,US-CA,LATAM,
Max Azaham,,US-CA,LATAM,
Maxim Gu,,CN,APAC,
Maxim Musich,,UA,EMEA,
Maxime Cotin,,GB,EMEA,
Maxwell Andersen,,US-CA,LATAM,
May Ma,,CN,APAC,
Maya Konig,1,US-CA,LATAM,
Mayumi Kinoshita （可児 真由美 - かに まゆみ）,,JP,APAC,
Meagan Malone,,US-WA,LATAM,
Megan La Grange,,US-CA,LATAM,
Megan Oden,,US-WA,LATAM,
Megan Stewart,,US-CA,LATAM,
Megan Summers,,GB,EMEA,
Megan Wu,,CN,APAC,
Meghana Rao,,US-CA,LATAM,
Melissa Chou,,CA,LATAM,
Melissa Sin Mun Lee,,SG,APAC,
Melvin Chay,,SG,APAC,
Melvyn May,,GB,EMEA,
Meri Tuulia Rautavuori,,FI,EMEA,
Mesut Paksoy,,FI,EMEA,
Mette Eck,,DK,EMEA,
Michael Berg,,US-WA,LATAM,
Michael Birk,,US-CA,LATAM,
Michael de Libero,,US-WA,LATAM,
Michael DeRoy,,US-PA,LATAM,
Michael Edmonds,1,,,
Michael Foley,,US-CA,LATAM,
Michael Gassman,,US,LATAM,
Michael Grünewald,1,SE,EMEA,
Michael Harding,,DK,EMEA,
Michael Hari,,US-CA,LATAM,
Michael Herring,,JP,APAC,
Michael James,,US-CA,LATAM,
Michael Kosog,,US-WA,LATAM,
Michael Krarup Nielsen,,DK,EMEA,
Michael Lee,,US-CA,LATAM,
Michael Lyashenko,1,CA,LATAM,
Michael Miettinen,,FI,EMEA,
Michael Parks,,US-CA,LATAM,
Michael Piñol,,US-CA,LATAM,
Michael Sehgal,1,,,
Michael Sharpe,,US-WA,LATAM,
Michael Shorter,,DK,EMEA,
Michael Voorhees,,US-PA,LATAM,
Michael Wikkelsø Håkan,,DK,EMEA,
Michail Nenkov,,DK,EMEA,
Michal Brzozowski,,DK,EMEA,
Michelle Han,,,,
Michelle Kim,,US-CA,LATAM,
Mickey Maher,,US-CA,LATAM,
Mihai Borobocea,,FI,EMEA,
Mihai Popescu,,DK,EMEA,
Mika Isomaa,,FI,EMEA,
Mika Kuusisto,,FI,EMEA,
Mika Pätiälä,,FI,EMEA,
Mikaël Brochu,,CA,LATAM,
Mikaela Hallenberg,,FI,EMEA,
Mike Chow,,US-CA,LATAM,
Mike Durand,,US-WA,LATAM,
Mike Geig,,US,LATAM,
Mike Minahan,,US-WA,LATAM,
Mike Wuetherick,,CA,LATAM,
Mikhail Zabaluev,,FI,EMEA,
"Mikkel ""Frecle"" Fredborg",,,,
Mikko Lehtinen,,FI,EMEA,
Mikko Mäntysalmi,,FI,EMEA,
Mikko Mononen,1,FI,EMEA,
Mikko Pallari,,FI,EMEA,
Mikko Strandborg,,FI,EMEA,
Milan Grajetzki,,DK,EMEA,
Milian Micov,,LT,EMEA,
Mimi Han,,,,
Min Hu,,CN,APAC,
Mindaugas Steponavičius,1,LT,EMEA,
Ming Wai Chan,,GB,EMEA,
Minjeong Kim,1,,,
Minseok Song （송민석）,,KR,APAC,
Minsu Andrew Park,,KR,APAC,
Mira Cho,1,KR,APAC,
Mira Kuusinen,,FI,EMEA,
Mircea Marghidanu,,US-WA,LATAM,
Miruna Florina Dumitrascu,,DK,EMEA,
Mitchell Herndon,,US-CA,LATAM,
Miwang Yao,,CN,APAC,
Mogens Hvidtfeldt,,DK,EMEA,
Mohammed Abualrob,,US-CA,LATAM,
Monalisa Majumder,,DK,EMEA,
Monica Andersen,,DK,EMEA,
Mónica María Cabrera Silva,,CO,APAC,
Monika Madrid,1,,,
Morgan Desvignes,,US-CA,LATAM,
Morgan Schwanke,1,US-CA,LATAM,
Morishima Hiroki,,JP,APAC,
Morrissey Williams,,GB,EMEA,
Morten Abildgaard,1,DK,EMEA,
Morten Hansen,,DK,EMEA,
Morten Mikkelsen,,US-CA,LATAM,
Morten Skaaning,1,DK,EMEA,
Morten Sommer,1,DK,EMEA,
Mykolas Mankevicius,,LT,EMEA,
Na'Tosha Bard,,DK,EMEA,
Nabib El-Rahman,,US-CA,LATAM,
Nadine Boucher,,CA,LATAM,
Nairu Fan （范乃如）,,CN,APAC,
Nan Xin,,CN,APAC,
Nassor Silva,,FI,EMEA,
Natalia Sviridova,,RU,EMEA,
Natalie Grant,,US-CA,LATAM,
Natalie Mulay,,CN,APAC,
Natasha Marin O'Brien,1,US-WA,LATAM,
Natasha Tatarchuk,,US-WA,LATAM,
Nathalie Ndejuru,,CA,LATAM,
Nathan Forget,,US-CA,LATAM,
Nathan Hanners,,US-TX,LATAM,
Nathan Hart,,GB,EMEA,
Nathan St.Pierre,,US-WA,LATAM,
Nathan Ventura,,US-CA,LATAM,
Navaneeth N,,,,
Navdeep Taunk,,US-CA,LATAM,
Navin Kumar Chaudhary,,DK,EMEA,
Neal Grigsby,,US-CA,LATAM,
Nele Zabalujeva,,LT,EMEA,
Nevin Eronde,,DK,EMEA,
Ngak Koon Lee,1,SG,APAC,
Ngozi Watts,1,US,LATAM,
Nguyen Thu,,US-CA,LATAM,
Nicholas Abel,,US-WA,LATAM,
Nicholas Clemena,,US-CA,LATAM,
Nicholas Flores,,US-CA,LATAM,
Nicholas Francis,1,DK,EMEA,
Nicholas Ho,1,,,
Nicholas Mu（牟宝玉）,,CN,APAC,
Nicholas Rapp,,US-WA,LATAM,
Nicholas Richards,,US-CA,LATAM,
Nick Goldsworthy,,US-CA,LATAM,
Nick Gravelyn,,US-WA,LATAM,
Nick Jovic,,GB,EMEA,
Nick Lee,,US-CA,LATAM,
Nicklas Pingel,,DK,EMEA,
Nicky Ahn （안영을）,,KR,APAC,
Nico Hu,,CN,APAC,
Nicola Evans Strand,1,DK,EMEA,
Nicolaj Schweitz,1,DK,EMEA,
Nicolas Blier-Silvestri,,DK,EMEA,
Nicolas Meuleau,,US-CA,LATAM,
Niels Rasmussen,,DK,EMEA,
Niels Schmidt-Martinez,,DK,EMEA,
Nikkolai Davenport,,US-CA,LATAM,
"Niklas ""Smedis"" Smedberg",,US,LATAM,
Niklas Petteri Nisén,,FI,EMEA,
Niko Kontkanen,,FI,EMEA,
Niko Korhonen,,FI,EMEA,
Nikolai Trusov,,UA,EMEA,
Nikoline Høgh,,DK,EMEA,
Nikos Chagialas,,GB,EMEA,
Nilo Sarraf,,US-CA,LATAM,
Nina Carøe,,DK,EMEA,
Nirali Savla,,US-CA,LATAM,
Nobuyuki Kobayashi （小林 信行 - コバヤシ ノブユキ）,,JP,APAC,
Nopphon Siranart,,US-CA,LATAM,
Nora Horn,,DK,EMEA,
Nurain Ibrahim,,SG,APAC,
Oguz Kayral,,FI,EMEA,
Ole Ciliox,1,,,
Oleg Pridiuk,1,LT,EMEA,
Oleksiy Yakovenko,,DK,EMEA,
Olexiy Zakharov,,DK,EMEA,
Oli Williams,,GB,EMEA,
Olivia Lau,,US-CA,LATAM,
Olivier Paugam,,US-CA,LATAM,
Olly Nicholson,,GB,EMEA,
Omar Calero Herrera,,CO,APAC,
Omz Velasco,,US-WA,LATAM,
Onur Karademir,,DK,EMEA,
Oren Shafir,,DK,EMEA,
Oren Tversky,1,US-CA,LATAM,
Oscar Clarke,,GB,EMEA,
Oscar Pett,,GB,EMEA,
Otto Vehviläinen,,FI,EMEA,
Päivi Pytsepp-Seufert,,GB,EMEA,
Palaniyandi Jawahar,,GB,EMEA,
Paolo Gavazzi,,CA,LATAM,
Pascal Lalancette,,CA,LATAM,
Patrick Bell,,AU,APAC,
Patrick Curry,1,US-TX,LATAM,
Patrick Fournier,,CA,LATAM,
Patrick Lee,1,,,
Patrick Loughnane,,US-CA,LATAM,
Patrick Williamson,1,,,
Patrik Huber,,FI,EMEA,
Paul Bowen,,US-CA,LATAM,
Paul Burslem,,US-TX,LATAM,
Paul Demeulenaere,,FR,EMEA,
Paul Dunning,,GB,EMEA,
Paul Eliasz,,GB,EMEA,
Paul Melamed,,US-CA,LATAM,
Paul Purcell,,US-CA,LATAM,
Paul Tan,,GB,EMEA,
Paul Tham,,SG,APAC,
Paul van Oijen,,FI,EMEA,
Paul Wu,,US-CA,LATAM,
Paula Coroi,,DK,EMEA,
Pauli Ojanen,,FI,EMEA,
Pauliina Artiola,,FI,EMEA,
Paulina Miciulevičiūtė,,LT,EMEA,
Paulius Janenas,,LT,EMEA,
Paulius Liekis,1,,,
Paulius Puodžiūnas,,LT,EMEA,
Paulo Pereira,,GB,EMEA,
Pavan Datla,,DK,EMEA,
Pavel Horovec,,FI,EMEA,
Pavel Laurs,,LT,EMEA,
Pavel Prokopenko,,FI,EMEA,
Pearl Tin,,US-CA,LATAM,
Peden Fitzhugh Sager,,US-CA,LATAM,
Pedro Albuquerque,,CA,LATAM,
Pedro Miranda Arto,,FI,EMEA,
Peet Lee,,GB,EMEA,
Pei Leng Tan,,SG,APAC,
Peijun Zhu,1,CN,APAC,
Pekka Aakko,,FI,EMEA,
Pekka Palmu,,FI,EMEA,
Pekka Purokuru,,FI,EMEA,
Pengfei Zhang,,FI,EMEA,
Pengjie Dong （董鹏杰）,,CN,APAC,
Pernille Hansen,,DK,EMEA,
Pernille Lous,1,DK,EMEA,
Perttu Haliseva,,FI,EMEA,
Pete Lewis,,US-WA,LATAM,
Pete Long,1,GB,EMEA,
Pete Moss,1,US-WA,LATAM,
Peter Andreasen,,DK,EMEA,
Peter Any,,US-CA,LATAM,
Peter Balogh,,HU,EMEA,
Peter Bay Bastian,,DK,EMEA,
Peter Christiansen,,DK,EMEA,
Peter Dunn,,US-CA,LATAM,
Peter Ejby Dahl Jensen,,,,
Peter Freese,,US-WA,LATAM,
Peter Gergely Marczis,1,DK,EMEA,
Peter Kuhn,,US-WA,LATAM,
Peter Lindberg,,US-CA,LATAM,
Peter Loron,,US-WA,LATAM,
Peter Nicholson,,GB,EMEA,
Peter Schmitz,1,DK,EMEA,
Petko Georgiev,,DK,EMEA,
Petra Aagaard,,DK,EMEA,
Petri Nordlund,1,FI,EMEA,
Petros Mizamidis,,GB,EMEA,
Phil McJunkins,,US-TX,LATAM,
Philip Cosgrave,,CA,LATAM,
Philip Rutherford,,GB,EMEA,
Philippe Jean,,CA,LATAM,
Phoebe Tang,,US-CA,LATAM,
Pierre Jean Marc Moreau,,FR,EMEA,
Pierre Quirion,,CA,LATAM,
Pierre-Paul Giroux,,CA,LATAM,
Pieter Brink,,DK,EMEA,
Pietro De Nicola,1,DK,EMEA,
Pijus Kristupas Jusys,,LT,EMEA,
Piotr Wolosz,,DK,EMEA,
Plamen Tamnev,,BG,APAC,
Poul Sander,,DK,EMEA,
Povilas Birbalas,,LT,EMEA,
Povilas Kanapickas,,LT,EMEA,
Povilas Staskus,1,LT,EMEA,
Praneet Dutta,,US-CA,LATAM,
Priyesh Wani,,US-CA,LATAM,
Pyry Haulos,,,,
Qi Jia,1,CN,APAC,
Qi Jiang,,US-WA,LATAM,
Qiang Zhang,1,CN,APAC,
Qing Feng,1,,,
Queenie Wong,,SG,APAC,
Quentin Staes Polet,,SG,APAC,
Rachel Ah Chuen,,US-CA,LATAM,
Rachel Cai,,SG,APAC,
Rachel Garza,,US-TX,LATAM,
Rafael Caferati,,GB,EMEA,
Rajesh Pathak,,GB,EMEA,
Rajesh Sharma,,DK,EMEA,
Rajiv Rao,,US-CA,LATAM,
Ralph Brorsen,,DK,EMEA,
Ralph Hauwert,,US-CA,LATAM,
Rama Shenai,,US-WA,LATAM,
Ramandeep Shergill,,US-CA,LATAM,
Rambod Kermanizadeh,,US-CA,LATAM,
Ramesh Anumukonda,,IN,EMEA,
Raminta Rimkune,,DK,EMEA,
Randy Spong,,US-CA,LATAM,
Randy Visser,,US-TX,LATAM,
Rannie Wei （魏冉）,,CN,APAC,
Raph Koster,,US,LATAM,
Raphael Guilleminot,,GB,EMEA,
Raphael Ruland,,US-CA,LATAM,
"Rasmus ""Razu"" Boserup",,,,
Rasmus Bolvig Petersen,,DK,EMEA,
Rasmus Bons,,DK,EMEA,
Rasmus Hjarup,,DK,EMEA,
Rasmus Hulkvist Larsen,,DK,EMEA,
Rasmus Møller Selsmark,,FI,EMEA,
Rasmus Poulsen,1,DK,EMEA,
Rasmus Rønn Nielsen,,DK,EMEA,
Rasmus Sigsgaard,,DK,EMEA,
Ray Liu (刘伟贤),,CN,APAC,
Ray Wang,,US-CA,LATAM,
Raymond Graham,,US-CA,LATAM,
Raymond Macavinta,,,,
Rayshawnda Madison,,US-CA,LATAM,
Rebecca Adler,,US-WA,LATAM,
Rebecca Mueller,,US-WA,LATAM,
Rebecca Veinoe Johansen,,DK,EMEA,
Rebekah Tay Xiao Ping,,SG,APAC,
Rehman Rafiq,,NL,EMEA,
Reid Gershbein,1,US-CA,LATAM,
Reina Hashimoto,,US-CA,LATAM,
Reina Shah,1,US-CA,LATAM,
"Renaldas ""ReJ"" Zioma",,LT,EMEA,
René Carlsen,,DK,EMEA,
René Damm,,US-WA,LATAM,
Rex Choo,,SG,APAC,
Reza Malekzadeh,1,,,
Ricardas Jonaitis,,LT,EMEA,
Ricardo Arango,,CO,APAC,
Rich Skorski,1,,,
"Richard ""Diki"" Thomas",,GB,EMEA,
Richard Fine,,GB,EMEA,superpig
Richard Geldreich,1,US-WA,LATAM,
Richard Hawkins,,US-CA,LATAM,
Richard Kettlewell,,GB,EMEA,
Richard Lee,,US-WA,LATAM,
Richard Pride,,GB,EMEA,
Richard Sykes,1,GB,EMEA,
Richard Underhill,,GB,EMEA,
Rick Armstrong,,US-CA,LATAM,
Rick Byrne,,US-CA,LATAM,
Rickard Andersson,1,DK,EMEA,
Rinaldo Tjan,,US-CA,LATAM,
Rita Turkowski,1,,,
Roald Høyer-Hansen,1,,,
Roarke Nelson,,GB,EMEA,
Rob Carney,,US-CA,LATAM,
Rob Fairchild,1,,,
Rob Jessop,,GB,EMEA,
Rob Sheridan,,GB,EMEA,
Rob Srinivasiah,,US-CA,LATAM,
Robert Brackenridge,1,,,
Robert Cassidy,1,US-CA,LATAM,
Robert Cupisz,,DK,EMEA,
Robert Jones,,GB,EMEA,
Robert Lanciault,,CA,LATAM,
Robert Oates,1,,,
Robert Signorelli,,US-WA,LATAM,
Robert Thompson,,GB,EMEA,
Robertas Česnauskas,,LT,EMEA,
Roberto Gerhardt,,SE,EMEA,
Robin Bradley,,GB,EMEA,
Robin Park （박선룡）,,KR,APAC,
Robin Rogge,1,,,
Rodrigo (Rod) López-Carrillo,1,SE,EMEA,
Rodrigo B. de Oliveira,1,BR,LATAM,
Rohit Garg,,US-WA,LATAM,
Rolandas Cinevskis,,LT,EMEA,
Rolando Abarca,,US-CA,LATAM,
Rolf Peter Ingemar Holst,1,DK,EMEA,
Romain Failliot,,CA,LATAM,
Roman Glushchenko,1,UA,EMEA,
Roman Menyakin,,RU,EMEA,
Roman Osipov,,LT,EMEA,
Ron Jensen,,US-WA,LATAM,
Ron Levreault,,CA,LATAM,
Ronald Shepherd,,US-CA,LATAM,
Ronja Gustavsson,,DK,EMEA,
Ronnie (Seyoon) Jang,1,,,
Ross Avner,,US,LATAM,
Ross Rothenstine,,US-CA,LATAM,
Rune Skovbo Johansen,,DK,EMEA,
Rune Stubbe,,DK,EMEA,
Ruo Xie,,US-CA,LATAM,
Ruslan Grigoryev,,RU,EMEA,
Russ Morris,1,,,
Russell Rupprecht,,US-CA,LATAM,
Rustum Scammell,,SG,APAC,
Rute Isabel Matos Alves de Jesus,,DK,EMEA,
Ruth Ann Keene,,US-CA,LATAM,
Ryan Caltabiano,,US-TX,LATAM,
Ryan Cassell,,US-WA,LATAM,
Ryan Hauldren,,US-CA,LATAM,
Ryan Hintze,,US-WA,LATAM,
Ryan Hunt,,US-CA,LATAM,
Ryan Hylland,,US-WA,LATAM,
Ryan Maeng,,KR,APAC,
Ryan Mendivil,,US-WA,LATAM,
Ryan Parkinson-Faulkner,,GB,EMEA,
Ryan Peterson,,US-CA,LATAM,
Ryane N. Burke,1,US-CA,LATAM,
Ryann Reddy,,,,
Rytis Bieliūnas,1,LT,EMEA,
Rytis Buzys,,LT,EMEA,
Said Bouaoune,,GB,EMEA,
Sakari Pitkänen,,FI,EMEA,
Salley Chan,,US-CA,LATAM,
Sally Chou,,US-CA,LATAM,
Salvador Jacobi,,DK,EMEA,
Sam Bickley,,GB,EMEA,
Sam Kirshner,,US-CA,LATAM,
Samanta Pukšto,,LT,EMEA,
Samantha Kalman,1,DK,EMEA,
Samantha Langford,,US-CA,LATAM,
Samia Saleem,,US,LATAM,
Samir Cury,,US-CA,LATAM,
Sampsa Jaatinen,,US-CA,LATAM,
Samson Tong,,US-CA,LATAM,
Samuel Husso,,FI,EMEA,
Samuel Warren,,US-WA,LATAM,
Samuli Söderlund,,FI,EMEA,
Samuli Sorvakko,,FI,EMEA,
Sandeep Sachdeva,,US-CA,LATAM,
Sander Van Rossen,,DK,EMEA,
Sandra Chen（陈施霖）,1,CN,APAC,
Sanggook Cha,,KR,APAC,
Sanjay Mistry,1,,,
Sanne Kutscher,,DK,EMEA,
Santiago Gutierrez,,US-CA,LATAM,
Santtu Järvi,,FI,EMEA,
Sara Cannon,1,US-CA,LATAM,
Sara Lempiäinen,,DK,EMEA,saracecilia
Sara Wallman,,US-CA,LATAM,
Sarah Boers,,DK,EMEA,
Sarah Hockman,,US-CA,LATAM,
Sarah Levantine,,US-CA,LATAM,
Sarah Lo,,SG,APAC,
Sarah Nelson,,GB,EMEA,
Sarah Stevenson,,US-WA,LATAM,
Sarah Stumbo,,US-WA,LATAM,
Šarūnas Indrelė,,LT,EMEA,
Sarvar Tillabaev,,US-CA,LATAM,
Satoshi Kazama （風間 里志 - カザマ サトシ）,,JP,APAC,
Satu Peltola,,FI,EMEA,
Scott Bassett,,US-CA,LATAM,
Scott Bilas,,DK,EMEA,
Scott Farrell,,US-TX,LATAM,
Scott Flynn,,US-WA,LATAM,
Scotty Peterson,1,US-WA,LATAM,
Sean Baggaley,,,,
Sean Bledsoe,,US-CA,LATAM,
Sean Hammond,,FI,EMEA,
Sean Parkinson,,DK,EMEA,
Sean Riley,1,,,
Sean Stolberg,,US-WA,LATAM,
Sean Thompson,,CA,LATAM,
Sebastian Costin,,DK,EMEA,
Sebastian Hjorth,,DK,EMEA,
Sebastian Nykopp,,FI,EMEA,
Sebastien Dalphond,,CA,LATAM,
Sebastien Lachambre,,FR,EMEA,
Sébastien Lagarde,,FR,EMEA,
Sebastien Termeau,,DK,EMEA,
Sebastien Thevenet,,AU,APAC,
Sébastien Tremblay,,CA,LATAM,
Segrel Koskentausta,,FI,EMEA,
Seiya Ishibashi （石橋 誠也）,,JP,APAC,
Seong Nevins,1,,,
Seongjik Kim,,KR,APAC,
Seppo Pietarinen,,FI,EMEA,
Ser En (Sean) Low,,US-WA,LATAM,
Sera Han,,SG,APAC,
Sergej Kravcenko,,,,
Sergey Dankevich,,UA,EMEA,
Sergey Yanchi,,FI,EMEA,
Sergi Valls Company,,SG,APAC,
Sergii Tsegelnyk,,UA,EMEA,
Sergio Gómez,,CO,APAC,
Seungchan Jeong,,KR,APAC,
Shane Bowen,,US,LATAM,
Shanti Gaudreault,,CA,LATAM,
Shanti Zachariah,,DK,EMEA,
Sharath Rao,,IN,EMEA,
Shaun Hewitt,,GB,EMEA,
Shawn McClelland,,DK,EMEA,
Shawn White,,DK,EMEA,shawnwhite
Shi Zhong,,CN,APAC,
Shin Hyung Park,,,,
Shinobu Toyoda,,JP,APAC,
Shiraz Khan,1,US-CA,LATAM,
Shirlynn Lee,,SG,APAC,
Shiyu Cai,,CN,APAC,
Sho Someya（染谷 翔 - そめや かける）,,JP,APAC,
Shouguan Lin,1,US-WA,LATAM,
Shruti Verma,,IN,EMEA,
Shu Zhang （张曙）,,US-WA,LATAM,
Shyam Daphtary,,US-WA,LATAM,
Silvana Alves,,SE,EMEA,
Silvia Rasheva,,SE,EMEA,
Silvija Dziugaite,,LT,EMEA,
Silviu Ionescu,,DK,EMEA,
Simas Ūsas,,LT,EMEA,
Simo Pöllänen,,FI,EMEA,
Simon Bouvier Zappa,,CA,LATAM,
Simon Henriksen,,DK,EMEA,
Simon Holm Nielsen,1,,,
Simon Mogensen,,DK,EMEA,
Simon Wittber,,GB,EMEA,
Simonas Januskis,,LT,EMEA,
Simonas Kuzmickas,,LT,EMEA,
Sin Jin Chia,1,,,
Sindre Skaare,,DK,EMEA,
Siobhan Gibson,,GB,EMEA,
Sisca Vahteristo,,FI,EMEA,
Skjalm Arrøe,,,,
Slava Taraskin,,GB,EMEA,
Soner Sen,,US-WA,LATAM,
Song Joon Ho,1,,,
Sonja Ängeslevä,,FI,EMEA,
Sonny Myette,,CA,LATAM,
Sonny Sharma,,US-CA,LATAM,
Sophia Clarke,,GB,EMEA,
Sophia Li,,CN,APAC,
Sophie Edelman,,US-CA,LATAM,
Sophie Sandie,,GB,EMEA,
Søren Christiansen,1,DK,EMEA,
Søren Løvborg,,DK,EMEA,
Sriram Rangarajan,,US-CA,LATAM,
Steen Helm Hansen,,DK,EMEA,
Steen Lund,,DK,EMEA,
Stefan Schubert,,DE,EMEA,
Stefano Guglielmana,,GB,EMEA,
Steffen Elberg Godskesen,,DK,EMEA,
Steffen Toksvig,,DK,EMEA,
Stela Johnson,1,DK,EMEA,
Stella Cannefax,,US-TX,LATAM,
Sten Selander,,,,
Stephan Bouchard,,US,LATAM,
Stéphane Maurice Vock,,DK,EMEA,
Stephane Thirion,,US-CA,LATAM,
Stephanie Chen,1,CN,APAC,
Stephanie Hill,,US-WA,LATAM,
Stephanie Hurlburt,1,DK,EMEA,
Stephanie Liu,,US-CA,LATAM,
Stephanie Pena,,US-WA,LATAM,
Stephanie Rancourt,,CA,LATAM,
Stephanie Reiter,,US-CA,LATAM,
Stephen Bailey,,US-CA,LATAM,
Stephen Bulla,,US-WA,LATAM,
Stephen Davidson,,DK,EMEA,
Stephen Dunning,,GB,EMEA,
Stephen Houchard,1,US-WA,LATAM,
Stephen Palmer,,US-TX,LATAM,
Stephen Phan,,US-CA,LATAM,
Stephen Sullivan,,US-CA,LATAM,
Steve Beausejour,,CA,LATAM,
Steven Hunter,,GB,EMEA,
Steven Kraft,,US-CA,LATAM,
Steven Mcknight,,US-CA,LATAM,
Stewart McCready,,GB,EMEA,
Stine Kjaersgaard,1,DK,EMEA,
Stine Munkesø Kjærbøll,,DK,EMEA,
Stuart Knox,,GB,EMEA,
Stuart Merry,1,GB,EMEA,
Stuart Riffle,,US-WA,LATAM,
Subu Sundaram,,US-CA,LATAM,
Sue Zhang,,US-WA,LATAM,
Suhail Dutta,,US-WA,LATAM,
Suhyeon Kang,,KR,APAC,
Sune Alkærsig,,DK,EMEA,
Sune Kempf,,DK,EMEA,
Sune Lundgren,,DK,EMEA,
Sunhyo Jung,,KR,APAC,
Sunyoung Min,,KR,APAC,
Surath Chatterji,,FI,EMEA,
Susan Vättö,,FI,EMEA,
Susan Zhang,,US-CA,LATAM,
Susan Zurilgen,1,,,
Susanna Palmroos,,FI,EMEA,
Suzie Kim,,KR,APAC,
Sven Erik Balle Christensen,,DK,EMEA,
Svend Emil Therkildsen,,DK,EMEA,
Sylvio Drouin,,US-CA,LATAM,
Taegyu Ryu,,KR,APAC,
Takashi Jona,,JP,APAC,
Takashi Nakamura,,JP,APAC,
Takayuki Matsuoka （松岡 貴之 - まつおか たかゆき）,,JP,APAC,
Takuro Komatsu （小松 拓朗 - こまつ たくろう）,,JP,APAC,
Tamara Hansen,,US-CA,LATAM,
Tao Wang,1,CN,APAC,
Tatiana Vikulova,,DK,EMEA,
Tatsuhiko Yamamura （山村 達彦 - やまむら たつひこ）,,JP,APAC,
Tatyana Antoniuk,,US-CA,LATAM,
Tautvydas Stukenas,,LT,EMEA,
Tautvydas Žilys,,US-WA,LATAM,tautvydaszilys
Taylor Ho,,US-CA,LATAM,
Tea Torovic,,DK,EMEA,
Tec Liu,1,CN,APAC,
Ted Hung,,US-CA,LATAM,
Ted Sakashita,1,US-CA,LATAM,
Ted Strawser,,US-CA,LATAM,
Teddy Lin,,US-WA,LATAM,
Teemu Hakuli,,FI,EMEA,
Teemu Pohjanlehto,,FI,EMEA,
Teemu Sidoroff,,FI,EMEA,
Teodora Georgieva,,DK,EMEA,
Tero Heino,,FI,EMEA,
Terri Staeger,,US-WA,LATAM,
Terry Hendrix II,1,,,
Terry Wilson,1,,,
Theo Cincotta,,US-CA,LATAM,
Théo Richart,,CA,LATAM,
Theodore Li,,US-CA,LATAM,
Thierry Bégin-Paradis,,CA,LATAM,
Thomas Andersen,,DK,EMEA,
Thomas Baird,,US-WA,LATAM,
Thomas Bentzen,1,,,
Thomas Cho,1,KR,APAC,
Thomas Chollet,,CA,LATAM,
Thomas Golzen,1,,,
Thomas Hagen Johansen,1,DK,EMEA,
Thomas Harkjær Petersen,,GB,EMEA,
Thomas Holm,,DK,EMEA,
Thomas Hourdel,,FR,EMEA,
Thomas Iché,,FR,EMEA,
Thomas Jackson,,US-CA,LATAM,
Thomas Joseph Riley,1,,,
Thomas Klindt,1,DK,EMEA,
Thomas Koh,,SG,APAC,
Thomas Kristiansen,1,DK,EMEA,
Thomas Krogh-Jacobsen,,DK,EMEA,
Thomas Moon,,FI,EMEA,
Thomas Nicholson,,US-WA,LATAM,
Thomas Richards,,GB,EMEA,
Thomas Rose,,US-CA,LATAM,
Thomas Svaerke,,DK,EMEA,
Thomas Tumosa,,LT,EMEA,
Thomas Wolfe,1,US-CA,LATAM,
Tian Pei,,US-CA,LATAM,
Tiantao Wu,1,CN,APAC,
Tianxiang Chen,,US-WA,LATAM,
Tibor Hencz,,FI,EMEA,
Tihomir Nyagolov,,BG,APAC,
Tim Cannell,,GB,EMEA,
Tim Holt,,GB,EMEA,
Tim Johansson,,DK,EMEA,
Tim Kang （강신덕）,,KR,APAC,
Tim Mowrer,,US-WA,LATAM,
Tim Thomas,,US-TX,LATAM,
Timo Vehviläinen,,FI,EMEA,
Timoni West,,US-CA,LATAM,
Timothy Cooper,,DK,EMEA,
Timothy Lau,,,,
Tina Jang （장소정）,,KR,APAC,
Tina Saj,,SG,APAC,
Tinghui Tsai,,US-CA,LATAM,
Tingyong Fu,,CN,APAC,
Titas Kulikauskas,,LT,EMEA,
Tobias Alexander Franke,,DK,EMEA,
Todd Carr,,US-TX,LATAM,
Todd Hooper,1,US-WA,LATAM,
Todd Johnson,,US-WA,LATAM,
Todd Rutherford,1,US-CA,LATAM,
Todd Yu,,US,LATAM,
Tom Brown,,US,LATAM,
Tom Eklöf,,FI,EMEA,
Tom Higgins,1,US-CA,LATAM,
Toma Barylak,,US-CA,LATAM,
Toma Zmitrulevičiūtė,,LT,EMEA,
Tomas Dirvanauskas,,LT,EMEA,
Tomas Germanavičius,,LT,EMEA,
Tomas Jakubauskas,1,LT,EMEA,
Tomas Kiniulis,,LT,EMEA,
Tomas Monkevic,,LT,EMEA,
Tomas Zigmantavičius,,LT,EMEA,
Tomek Paszek,,DK,EMEA,
Tomoko Tanaka (田中 智子) ,,JP,APAC,
Toni Bergholm,,FI,EMEA,
Toni Kajantola,,FI,EMEA,
Tony Garcia,1,US-WA,LATAM,
Tony Grisey,,US-CA,LATAM,
Tony Parisi,,US-CA,LATAM,
Tony Sun,1,CN,APAC,
Torben Jeppesen,,DK,EMEA,
Torbjorn Laedre,,SE,EMEA,
Tori Silk,,US-CA,LATAM,
Toru Nayuki （名雪 通 - なゆき とおる）,,JP,APAC,
Toshiyuki Mori,,JP,APAC,
Touko Vainio-Kaila,,FI,EMEA,
Toulouse de Margerie,,CA,LATAM,
Tracy Erickson,1,,,
Tran Ton,,US-CA,LATAM,
Trevor Santarra,,US-CA,LATAM,
Tricia Gray,1,US-CA,LATAM,
Trish Scearce,,US-WA,LATAM,
Trisha Tabor,,US-CA,LATAM,
Tristan Genevet,,FR,EMEA,
Troy Sheets,,US-CA,LATAM,
Truc Nguyen,,US-CA,LATAM,
Tuan Hoang,,US-CA,LATAM,
Tuesday Smith,,US-WA,LATAM,
Tuomas Harju,,FI,EMEA,
Tuomas Peronvuo,,FI,EMEA,
Tuomas Rinta,,US-CA,LATAM,
Tuomas Vapaavuori,,FI,EMEA,
Tyler Roesch,1,,,
Tze Bun Ng,1,CN,APAC,
Ugnius Dovidauskas,,LT,EMEA,
Ujjwal Sarin,,US-CA,LATAM,
Ulas Karademir,,DK,EMEA,
Ulf Johansen,,DK,EMEA,
Ulf Johansson,,US-CA,LATAM,
Ulf Maagaard,,DK,EMEA,
Ursula Beck,,US-WA,LATAM,
Üstün Ergenoglu,,FI,EMEA,
Uygar Kalem,,DK,EMEA,
Vadim Kuzmenko,1,,,
Vaidas Budrys,,LT,EMEA,
Vaidas Mačikėnas,,LT,EMEA,
Valdas Rakutis,,LT,EMEA,
Valdemar Bučilko,,LT,EMEA,
Valentin Sattinger,,FI,EMEA,
Valentin Simonov,,RU,EMEA,
Valerie Cisco,,US-WA,LATAM,
Valtteri Heikkilä,,FI,EMEA,
Vanessa Martinez,,US-CA,LATAM,
Vanessa Oliver,,US-CA,LATAM,
Vanessa Yang,,US-CA,LATAM,
Veli-Pekka Kokkonen,1,FI,EMEA,
Venkata Duvvuri,,US-CA,LATAM,
Venkatesh Subramania Pillai,,SG,APAC,
Vesa Hagström,,FI,EMEA,
Veselin Efremov,,SE,EMEA,
Vibe Herlitschek,1,US-CA,LATAM,
Vicky Campaert,,SG,APAC,
Vicky Zhang,1,CN,APAC,
Victor Lui,,KR,APAC,
Victor Suhak,1,DK,EMEA,
Victor Willyams,,US-TX,LATAM,
Vidmantas Luneckas,,LT,EMEA,
Vijay Michael Joseph,1,SG,APAC,
Vika Sinipata,,US-CA,LATAM,
Vilius Kaunas,,LT,EMEA,
Vilius Prakapas,,LT,EMEA,
Viljami Anttonen,,FI,EMEA,
Ville Matias Heikkila,,FI,EMEA,
Ville Orkas,,FI,EMEA,
Ville Törhönen,,FI,EMEA,
Ville Vaten,,US-CA,LATAM,
Ville Vihma,,FI,EMEA,
Ville Weijo,,FI,EMEA,
Vilmantas Balasevičius,,LT,EMEA,
Vince Prignano,,US-CA,LATAM,
Vincent Van Der Weele,,FI,EMEA,
Vincent Zhang （张为）,,CN,APAC,
Vincent-Pierre Berges,,US-CA,LATAM,
Vipul Gupta,,US-CA,LATAM,
Viraf Zack,,US-CA,LATAM,
Vitaly Veligursky,,UA,EMEA,
Viven Leong,,SG,APAC,
Vivian Wu,,US-CA,LATAM,
Vlad Andreev,,DK,EMEA,
Vlad Neykov,,GB,EMEA,
Vlad-Andrei Lazar,,CA,LATAM,
Vladimir Gerastovsky,1,,,
Vladimir Kalinichenko,,UA,EMEA,
Vladimir Vukicevic,,CA,LATAM,
Vlatko Duvnjak,,US-CA,LATAM,
Vuokko Salo,,FI,EMEA,
Vytautas Narkus,,LT,EMEA,
Vytautas Šaltenis,1,,,
Vytautas Stankus,1,LT,EMEA,
W Thomas Grove,1,US-CA,LATAM,
Ward Vuillemot,,US-WA,LATAM,
Warren Kleban,,US-CA,LATAM,
Wayne Johnson,,DK,EMEA,
Wei Chong Ho,,SG,APAC,
Wei Jiang （姜为）,,CN,APAC,
Weijia Yu,,US,LATAM,
Wendy Mao （毛雯雯）,,CN,APAC,
Wendy Tan,,SG,APAC,
Wenhong Zhu （朱文红）,,CN,APAC,
Wentao Ge （葛文韬）,,CN,APAC,
Wenting Liu,,CN,APAC,
Wenyi Qian,,CN,APAC,
Weronika Węglińska,1,DK,EMEA,
Wes Wong,,SG,APAC,
Wesley Smith,,US-WA,LATAM,
Wessam Bahnassi,,CA,LATAM,
Wilfrid Girard,,JP,APAC,
Will Corwin,1,,,
Will Goldstone,,GB,EMEA,
Will Lin （林杰）,,CN,APAC,
William Coyman,,US-CA,LATAM,
William Hugo Yang,1,,,
William Jack,1,,,
William Lau,,US-CA,LATAM,
William Nilsson,1,,,
William Sprent,,DK,EMEA,
William W. Armstrong,,US-CA,LATAM,
Wonkeun Oh,,KR,APAC,
Xavier Bougouin,1,DK,EMEA,
Xiangyu Deng,,CN,APAC,
Xiaoling Yao （姚霄凌）,,CN,APAC,
Xiaoyu Jin,,CN,APAC,
Xin Yu Chia,,SG,APAC,
Xin Zhang,1,CN,APAC,
Xiumo Hui,1,CN,APAC,
Xuan Chen,1,CN,APAC,
Xuguang Cai （蔡旭光）,,CN,APAC,
Xumeng Chen （陈旭孟）,,CN,APAC,
Yadana Thiri,,US-CA,LATAM,
Yan Drugalya,,DK,EMEA,ydrugalya‏
Yan Zhang,,CN,APAC,
Yang Yang,,US-CA,LATAM,
Yang-Hai Eakes,,CA,LATAM,
Yangguang Liao,,US-CA,LATAM,
Yao Li,,US-CA,LATAM,
Yasuhiro Noguchi,,US-CA,LATAM,
Yasumichi Onishi （大西 康満 - おおにし やすみち）,,JP,APAC,
Yasuyuki Kamata,,JP,APAC,
Ye Wu,,CN,APAC,
Yelena Danziger,1,US-CA,LATAM,
Yevgeny Khodorkovsky,,US-CA,LATAM,
Yewon Kim （김예원）,,KR,APAC,
Yi Fei Boon,,SG,APAC,
Yi Lin （林艺）,,CN,APAC,
Yi Ren Lim （林）,,SG,APAC,
Yibing Jiang,,US-CA,LATAM,
Yingkai Hu,,US-CA,LATAM,
Yiping Liao,,FI,EMEA,
Yohei Tanaka,,JP,APAC,
Yohei Yanase,,JP,APAC,
Yong Lu,,CN,APAC,
Yoo Kyoung Lee,1,,,
Yoonki Chang,,KR,APAC,
Young ho Lee,,KR,APAC,
Younghee Cho,1,KR,APAC,
Youngho Hahm,,KR,APAC,
Yu Sun （孙瑜）,,CN,APAC,
Yuan Gao,1,CN,APAC,
Yuan Kuan Seng （冼炫均）,,SG,APAC,
Yuanxing Cai （蔡元星）,,CN,APAC,
Yue Liu （刘玥）,,CN,APAC,
Yueyue Wang,1,CN,APAC,
Yuichi Nakamura,,JP,APAC,
Yuji Yasuhara,,JP,APAC,
Yujin Ariza,,US,LATAM,
Yukimi Shimura (志村由紀美）,,JP,APAC,
Yunhao Liao （昀昊廖）,,CN,APAC,
Yunkyu Choi,1,,,
Yunlong Zhao,,CN,APAC,
Yuri Li （黎小绮）,,CN,APAC,
Yury Habets,,DE,EMEA,
Yusuke Ebata （江端 優介 ）,,JP,APAC,
Yusuke Ikewada,,JP,APAC,
Yusuke Kurokawa （黒河 優介 - くろかわ ゆうすけ）,,JP,APAC,
Yuuka Murano,,JP,APAC,
Yvo Zoer,,US-WA,LATAM,
Zachary Oliff,,US-CA,LATAM,
Zachary Zadell,1,US,LATAM,
Zbignev Monkevic,,LT,EMEA,
Zdravko Pavlov,,BG,APAC,
Zhan Huang,,CN,APAC,
Zhang Yuqing,,CN,APAC,
Zhanxin Yang （杨展鑫）,,CN,APAC,
Zhendong Liu,,CN,APAC,
Zhenping Guo,1,CN,APAC,
Zhigang Huang,,CN,APAC,
Zhigong Li （李致公）,,CN,APAC,
Zhipeng Deng,1,CN,APAC,
Zhiyu Ding,1,CN,APAC,
Zhongfu Gao （郜忠富）,,CN,APAC,
Zhonglei Yang,1,CN,APAC,
Zixi Qi,,CN,APAC,
Ziyun Li,,SG,APAC,
Zoltán Buzáth,,DK,EMEA,
